,Unnamed: 0,username,description,location,likes,retweets,following,followers,totaltweets,text,hashtags,date,langs
0,0,SAGLCH,Just another funny guy trying to make it through life.,,0,0,281,79,6440,#16 is my immune system fending off corona https://t.co/fVNjayIBne,[],2020-03-21 23:59:59,en
1,1,504bayou,"MEd Strategic planner for innovation & continuous improvement in Education. Quizlet Ambassador, Flipgrid Ambassador, TCEA presenter, Buncee Ambassador MIE cert",,0,0,2597,983,22272,Everyone knows that we're facing a real crisis from the coronavirus. But do you know how we got here and what we neâ€¦ https://t.co/dPN7ZReMKu,[],2020-03-21 23:59:59,en
2,2,Flaurilox,Run-of-the-mill atheist.  Lover of mountains and associated appurtenances.  A child of the 60's...turning 60 (ugh).,Canada,0,0,5001,3076,37484,"""She tested for coronavirus, and her results were delayed. Five days later, she was dead in her kitchen."" She was 3â€¦ https://t.co/LXhTrpbq8p",[],2020-03-21 23:59:59,en
3,3,howestreet,"Leading Financial News Source: Podcasts, Investment News, Market Commentary",Vancouver,0,0,969,1345,20897,"The Goddard Report with host @jimgoddard3 

#CoronaVirus, #ToxicDrugs, and #FakeNews
How to turn a non-pandemic intâ€¦ https://t.co/Sux3kN4521","['CoronaVirus', 'ToxicDrugs', 'FakeNews']",2020-03-21 23:59:59,en
6,6,cmadmax,FDREleanorRooseveltMollyIvinsMadeleineAlbrightMarkTwain HarryTrumanAnnRichardsHillaryClintonJFKMalala BarackObama ChaneyGoodman&Schwerner GabbyGiffordsMLKLBJ,,0,0,4294,2741,358676,Robert Reich says airlines â€˜shouldnâ€™t see a dime of taxpayer moneyâ€™ in a coronavirus bailout https://t.co/UleEi2IR5l,[],2020-03-21 23:59:59,en
7,7,knarfnamduh,"Oz born and bred, spent working life in R&D and IP. Fortunate enough to be in the best country in the World, even though I occasionally get grumpy with it.","South Coast, New South Wales",0,0,2298,4195,239253,Coronavirus is spreading fear. Morrison could solve this with the stroke of a pen. People trust  Bowtell and Swan tâ€¦ https://t.co/6cdLB0KqPC,[],2020-03-21 23:59:59,en
8,8,brixtonrose1,,,0,0,233,38,10227,"Trump finds a way to sprinkle some racism on the coronavirus pandemic.

Full episode: https://t.co/RZR0J200mv https://t.co/2kCsUpU26e",[],2020-03-21 23:59:59,en
11,11,MarxAsher,"An IT Consultant based in London - working globally. Tech, business, leadership, continuous improvement and sports interest me. #COYS",London,0,0,289,57,1201,"The Police in London are trying to brighten the mood.

The are going up and down the Thames in a police boat playinâ€¦ https://t.co/BXw8uaTgeW",[],2020-03-21 23:59:59,en
13,13,PurgatoryCarol,http://MyOutlanderPurgatory.com,The REAL Jersey Shore,7,0,1575,1058,2914,".@thekrissychula My sister @MyOutlanderPurg  and I need you to make a ""Coronavirus / quarantine yourself"" video thaâ€¦ https://t.co/iAc8nTTbLn",[],2020-03-21 23:59:59,en
14,14,NagalandNhm,,,0,0,33,397,610,"Observance of World Oral Health Day at Wokha town by Indian Dental Association, wokha branch on March 20. Leafletsâ€¦ https://t.co/nXSoPBVApH",[],2020-03-21 23:59:59,en
15,15,KateBlake5,"Social Media Manager
Trained Historian/University of Michigan
And the Plague Goes on and On-2021 Edition
No DMs/Anything you need to say can be said on Twitter",Michigan,0,0,2454,1442,51230,DOJ Wants to Suspend Certain Constitutional Rights During Coronavirus Emergency https://t.co/XC7NU86iH2 via @RollingStone,[],2020-03-21 23:59:59,en
16,16,eebgxo,"Hey bitch, Whatâ€™s up bitch, Suck my dick bitch. ğŸ–•ğŸ¼ğŸ™‚ #letmetalktoyuw ğŸŒˆ #HORRORbitch #fuckyoulookingatbish",H MOFO TX,0,0,586,610,24145,No offense but the corona virus disappearing before April actually sucks https://t.co/5BtaZrejD2,[],2020-03-21 23:59:59,en
21,21,Oblivio69213348,Everything,,0,0,4982,1997,42422,"Mitch McConnell's aide implicated in stock market ""moves"" during coronavirusâ€™ early days - Scott Sloofman purchasedâ€¦ https://t.co/1SWRy6HYoC",[],2020-03-21 23:59:59,en
22,22,tanyajgarcia,smile a bit :),,0,0,115,51,1886,Coronavirus Florida: Lake Worth Beach city commission meeting turns ugly https://t.co/bEzaULPOy3,[],2020-03-21 23:59:59,en
25,25,Kate_in_MN,,,0,0,838,402,56496,I know you've seen the advice cautioning you to pay attention to what AG Barr does to further damage the rule of laâ€¦ https://t.co/57pPnjdBjE,[],2020-03-21 23:59:59,en
27,27,itsonlymejuliec,"Choose life

Ard Mhacha","Northern Ireland, United Kingd",0,0,245,460,5145,"hate that â€œshortness of breathâ€ is a coronavirus symptom, every time i get to the top of the stairs i think iâ€™ve goâ€¦ https://t.co/fXTzCejN3V",[],2020-03-21 23:59:59,en
29,29,LovGloria,Sometimes you need to get knocked down before you can really figure out what your fight is and how you need to fight it. - Chadwick Boseman,"Ohio, USA",0,0,357,1314,110423,"The U.S. Food and Drug Administration has approved the first rapid coronavirus test, which can produce results in aâ€¦ https://t.co/X9mTHudeKZ",[],2020-03-21 23:59:59,en
30,30,crystal_night20,Just another conservative expecting serious damage to Americans by the democrat socialist party in Congress... Stop the Destruction of The US Constitution,,0,0,3540,4384,240087,"Some on the left are calling President Trump racist for calling COVID-19 the ""Chinese Virus."" @dbongino andâ€¦ https://t.co/TnuVgHyKJv",[],2020-03-21 23:59:59,en
32,32,inesnogueira32,three little birds,"barcelos, esb ",0,0,175,107,4760,For the average American the best way to tell if you have covid-19 is to cough in a rich personâ€™s face and wait for their test results,[],2020-03-21 23:59:59,en
33,33,ISpeakAbsolutes,@ManCity @Sixers,,0,0,130,56,4062,"Coronavirus deaths, globally.

January 22nd: 17

February, 21st: 2,360

March 21st: 12,962",[],2020-03-21 23:59:59,en
42,42,NestleCrunch,â˜œâ˜†â˜OTTOMAN BALKAN WOMAN â˜œâ˜† Certified Holiday Designer â˜œâ˜†â˜ National Assistant at OSCE Parliamentary Assembly, â˜œâ˜†â˜Skopje â˜œâ˜†â˜ Ã­Úªâ€ âˆ‚Î·ÃŸïº™â„“ â˜œâ˜†â˜,0,0,3167,1495,53245,"Coronavirus update, Europe:

- Turkey: 277 new cases
- Portugal: 260 new cases
- Norway: 164 new cases
- Czechia: 1â€¦ https://t.co/vb6a0nCKSp",[],2020-03-21 23:59:59,en
43,43,susanbordson,"CreativeDirector/Messaging/MediaProducer. Past = BI Worldwide, HBO Asia, WCCO TV. Exec Comms. Ethical Comms. Brand Narratives.
Anti-extremists. Don't peg me.",Twin Cities,0,0,2137,1674,40317,"Excellent news! First point-of-care tests for #COVID19 approved by the FDA. Results available in 45 mins. 
https://t.co/zYuQ3klPEC",['COVID19'],2020-03-21 23:59:59,en
48,48,platygonzalez,@danielleeisabeâ¤ï¸,,2,0,156,158,12101,The Coronavirus isnâ€™t gonna stop us from shredding the gnar https://t.co/5g8TKpF0lq,[],2020-03-21 23:59:59,en
49,49,GoReactforASL,"Ridiculously easy interactive video software for feedback, grading and critiqueâ€”designed with ASL and ITP training in mind.","Orem, UT",4,1,159,599,8499,Health Workers Study #SignLanguage to Care for #Deaf COVID-19 Patients https://t.co/lMpPzLoeTk,"['SignLanguage', 'Deaf']",2020-03-21 23:59:59,en
52,52,rjwhitaker2014,"ğŸ’™My 2 ğŸ‘°Babies. 
Worked with ğŸ‘­Children with special needs.
#ClimateChangeIsReal
#SupportOurVets
â¤All AnimalsğŸ¼ğŸ´ğŸ»ğŸ•ğŸ‡ğŸ–",Georgia ğŸ‘,2,1,21096,23884,15483,"A must read.
I am a doctor. And I am immunocompromised. I am safe at home screening patients over the phone forÂ COVâ€¦ https://t.co/Uw1bZYqQAd",[],2020-03-21 23:59:59,en
54,54,BBroderickNews,"Birder, investor, former journalist. Living it up in the Mississippi flyway.",Eastern Iowa,0,0,1084,305,3853,This just in: Navajo Nation issues â€œStay at Home Orderâ€ for all residents of the Navajo Nation to fight the spreadâ€¦ https://t.co/1tHHzE8wNy,[],2020-03-21 23:59:59,en
55,55,Nayab87819204,,,0,0,231,16,1957,I did almost everything right. Worked at home. Saw one friend in the last 10 days. Had a beer for an hour outside aâ€¦ https://t.co/IKwUk4ZPea,[],2020-03-21 23:59:59,en
56,56,shrikebyhozier,23/She/her.      I watched all those vines.....,,0,0,170,24,12517,I did almost everything right. Worked at home. Saw one friend in the last 10 days. Had a beer for an hour outside aâ€¦ https://t.co/IKwUk4ZPea,[],2020-03-21 23:59:59,en
58,58,nplyact,,,0,0,218,23,11962,A mother of three went from making $400 a night to $80 a night to nothing as the pandemic grew â€” and now sheâ€™s notâ€¦ https://t.co/rU1WzDH4pN,[],2020-03-21 23:59:59,en
61,61,LbSleiman,"â€â€Work for your country first.
Humanity is the only Universal Religion.
Ù…Ø¹ Ø§Ù„Ø¯ÙˆÙ„Ø© Ø§Ù„Ù…Ø¯Ù†ÙŠØ© Ø§Ù„ØªÙŠ ØªØ­Ù…ÙŠ Ø­Ù‚ÙˆÙ‚ Ø¬Ù…ÙŠØ¹ Ù…ÙˆØ§Ø·Ù†ÙŠÙ‡Ø§ØŒ ÙˆÙ„ØªØ³Ù‚Ø· Ø§Ù„Ù…Ø²Ø§Ø±Ø¹ Ø§Ù„Ø·Ø§Ø¦ÙÙŠØ© ğŸŒ„",,0,0,144,55,2805,"Corona  became a test for humanity.
ÙƒÙˆØ±ÙˆÙ†Ø§ Ù‡Ùˆ Ø¥Ø®ØªØ¨Ø§Ø± Ù„Ù„Ø¨Ø´Ø±ÙŠØ© ÙˆØ§Ù„Ø¥Ù†Ø³Ø§Ù†ÙŠØ©.
#CoronavirusPandemic 
#COVIDãƒ¼19 
#Covid_19 
#ÙƒÙˆØ±ÙˆÙ†Ø§","['CoronavirusPandemic', 'COVIDãƒ¼19', 'Covid_19', 'ÙƒÙˆØ±ÙˆÙ†Ø§']",2020-03-21 23:59:59,en
63,63,greenbkg,Wife. Mother of two. Mimi of two. Retired Certified Educator in Association of Clinical Pastoral Education. Native Georgian. Lifelong Democrat. #biden2020,Northeast Georgia,0,0,358,347,118975,Donald Trumpâ€™s inept response to the coronavirus pandemic in the United States is directly responsible for the mounâ€¦ https://t.co/jWGAXUhD6A,[],2020-03-21 23:59:59,en
65,65,angelineshane22,"I will post anything I want
Critic","Davao City, Davao Region",0,0,934,798,30899,"Hoy Corona Virus!

Tagging @MissMarisRacal âœŒï¸

#SB19LIVE
#SB19ShowBreakMarathon 
#SB19 @SB19Official https://t.co/qaNyKLLTDY","['SB19LIVE', 'SB19ShowBreakMarathon', 'SB19']",2020-03-21 23:59:59,en
66,66,cmregulator61,I'm a Chicago Made Regulator ! Saying what has to be said. In the words of Col. Vindman . 'This is America . I'll be ok.,,0,0,697,63,7939,"We need to bring people together to fight Coronavirus.

Blaming China may seem like good politics, but it doesnâ€™t sâ€¦ https://t.co/4BC4suxDww",[],2020-03-21 23:59:59,en
67,67,marissa_frankl,,,0,0,303,157,6256,These Madera County CA citrus workers are hard at work  covering the trees with mesh so you can enjoy sweet seedlesâ€¦ https://t.co/tmwQwmEewY,[],2020-03-21 23:59:59,en
69,69,braddydaddylol,"hey, hi",,0,0,59,30,93,POV: youâ€™re 80 and your shitty sorority granddaughter that talks to you like this is giving you COVID-19 https://t.co/AoV2gpNJ1E,[],2020-03-21 23:59:59,en
71,71,santafeez,"American activist, citizen journalist, photographer - We Rise in support of Human Rights in Palestine & Human Rights world-wide. Lived in Gaza in 2014 & 2015.",United States ,0,0,17308,17633,175755,The Ministry of Health in #Gaza has just revealed that the first two #coronavirus cases were reported here for twoâ€¦ https://t.co/bBp6utGLs9,"['Gaza', 'coronavirus']",2020-03-21 23:59:59,en
72,72,buzzinginmyhead,Even the most patient person has limits. Don't mess with a writer.,"National Capital Region, Repub",0,0,134,29,200,"China sends masks, gloves and test kits to nations affected by COVID-19 https://t.co/4jY6vLSEde",[],2020-03-21 23:59:59,en
75,75,CompanyKwo,,,0,0,10,2,9047,"A MESSAGE FROM @StateDept @SecPompeo. #COVID19 

ğŸŒhttps://t.co/s6BGagG63J
ğŸŒhttps://t.co/EBuzMFrvIC
ğŸŒâ€¦ https://t.co/EHoLqpg3Gi",['COVID19'],2020-03-21 23:59:59,en
77,77,yxlearn,Healthcare practitioner,"Las Vegas, Nevada, USA",0,0,806,211,1397,"#COVID19
HYDROXYCHLOROQUINE &amp; AZITHROMYCIN, taken together, have a real chance to be one of the biggest game changeâ€¦ https://t.co/vjOXb9yZ8m",['COVID19'],2020-03-21 23:59:59,en
78,78,caichee,"WINDFISH IN NAME ONLY, FOR IT IS NEITHER.",in a box,0,0,42,12,823,See more about the estimates and the researchers' warnings â€” and how the rate of coronavirus infections could varyâ€¦ https://t.co/Kig3iZkwBF,[],2020-03-21 23:59:59,en
80,80,honour_del,NOT a bot....just a school librarian who does NOT want to carry a gun. (Private Account),Proud Californian,0,0,690,66,2873,"â€˜Without taking drastic measures, the healthy and optimistic among us will doom the vulnerableâ€™ â€”Â Literally everyonâ€¦ https://t.co/8w7eVqb6nk",[],2020-03-21 23:59:59,en
82,82,EIITFS,"I am a business owner,Brighter Visions who works with developmentally delayed or disabled children. I LOVE what I do!!!","North Carolina, USA",0,0,871,214,3619,Meredith College: Adopt an Impacted Student Fund to help students affected by COVID-19 at Meredith College - Sign tâ€¦ https://t.co/tVAQxJZeCr,[],2020-03-21 23:59:59,en
83,83,InfiniteWaters,"Youtuber, Influencer & Author 
1.7 million followers on YouTube. Awarded a YouTube Gold Award. Follow me on instagram: @officialralphsmart",Everywhere,12,3,0,47123,29274,A MUST SEE! WITH THE CORONAVIRUS YOU MUST LEARN TO BOOST YOUR IMMUNE SYSTEM THIS IS YOUR LAST HOPE. HEALTH IS WEALTâ€¦ https://t.co/dHQamhINOi,[],2020-03-21 23:59:59,en
84,84,LaaiqahIsmail,"Breathe in experience, breathe out poetryâœ¨ Persian Arabian British Irish ğŸ‡¦ğŸ‡ªğŸ‡¿ğŸ‡¦",South Africa,0,0,348,404,8621,Yo al Coronavirus https://t.co/ei9PNwgq1F,[],2020-03-21 23:59:59,en
85,85,rianesthesia,The Rhode Island Society of Anesthesiologists (RISA) monitors and acts on issues that affect the medical specialty of anesthesiology and on our patients.,"Rhode Island, USA",0,0,55,49,143,#Coronavirus DOs and DON'Ts: The simple #infographic guide to protect you and your communityâ€¦ https://t.co/3qyKymY2rk,"['Coronavirus', 'infographic']",2020-03-21 23:59:59,en
86,86,emilayclaire,"Always earned, never given. KCMO",,0,0,218,34,617,Well..... there goes my wedding.... #2020bride #coronavirus https://t.co/fHfrVMQFz9,"['2020bride', 'coronavirus']",2020-03-21 23:59:59,en
87,87,lindacorbett18,I am a decorative http://artist.love my http://animals.democrat forever!,Jackson Ga,0,0,5785,5263,78539,â€˜YOU HAVE FAILEDâ€™: Internet slams Trumpâ€™s upbeat coronavirus â€˜WINâ€™ tweet - https://t.co/7lZDagiYHb In my opinion thâ€¦ https://t.co/1mCdZSMjmi,[],2020-03-21 23:59:59,en
89,89,philiprichards5,Dreamer. Reader. Watcher .Traveller.  Romanist . Don Quixote. self alleged Patriot. RETWEETS do NOT confirm endorsement.,"England, United Kingdom",0,0,6549,6165,273949,@voxvot @ReasonInterest @timcrimmins @hbdchick @NiklasForberg @JayMan471 @QueeniesDad If you have 400 deaths over aâ€¦ https://t.co/Xcdq3s3wqS,[],2020-03-21 23:59:59,en
90,90,sm00055,,,0,0,309,283,12059,"Coronavirus: Ministers urged to assist 'forgotten' self-employed

#Covid_19
#SeaChange
@SEAllianceUK
@StopIR35â€¦ https://t.co/cYQBsD5c5z","['Covid_19', 'SeaChange', 'IR35']",2020-03-21 23:59:59,en
91,91,concordpapa,"Great wife and kids and incredible grandchildren. Ex head football coach, hospitality industry, on air radio/tv.",New England,0,0,4067,1377,14345,For anyone who read the tweet from @realDonaldTrump saying hydroxychloroquine &amp; azithromycin can be a game changerâ€¦ https://t.co/LOfkEHbwAL,[],2020-03-21 23:59:59,en
96,96,AbdulShuaib13,Alhamdulillah for Islam â˜ªï¸ ğŸ•‹,,0,0,890,678,2178,If you don't know something i think it's good to ask than to pretend or to blaspheme. Covid is corona even though oâ€¦ https://t.co/VGsUpAdTcY,[],2020-03-21 23:59:59,en
97,97,StevieEvilCat,Cat. Evil. Really handsome. Evil. Don't touch me. The idiotâ€™s Insta is angelaofthesouth.,Evil Lair UK,0,0,499,11861,37311,"We, along with all CP branches, are currently closed due to coronavirus. I will not be tweeting as regularly but weâ€¦ https://t.co/0Ob3ww4UiX",[],2020-03-21 23:59:59,en
99,99,redzwanrashid,Brooding but occasionally cheerful body healer.,"kota kinabalu, sabah",0,0,211,104,10588,"Good: Now a point-of-care #COVID19 test with 45-minute turnaround approved by @US_FDA
https://t.co/DO5IvbkDpNâ€¦ https://t.co/NU0NvqC8ss",['COVID19'],2020-03-21 23:59:59,en
102,102,RiverBenderNews,Your #1 source for everything local! Give us a follow and keep up-to-date!,"The River Bend Community, IL",0,0,733,2358,29052,"Now with the COVID-19 pandemic, half of the nationâ€™s ethanol plants have shutdown, yet these same oil companies wanâ€¦ https://t.co/2IhoR7Siom",[],2020-05-21 23:59:59,en
104,104,Hereiszhangsan,"æ¥è‡ªæ­¦æ±‰ï¼Œçƒ­çˆ±ç¥–å›½ï¼Œæ‹¥æŠ¤ç¤¾ä¼šä¸»ä¹‰åˆ¶åº¦ï¼Œæ‹¥æŠ¤ä¸­å›½å…±äº§å…š/ç‰©åŒ–æ”¿é€‰æ‰‹ï¼Œå¤‡æˆ˜é«˜è€ƒæ·¡æ¨ä¸­/æ¬¢è¿äº’foï¼Œåè´¼esuæ»šå¼€
From Wuhan,People's Republic of China/love China,supporting CPC.ğŸ‡¨ğŸ‡³  /#LGBT ğŸŒˆ #BLM   RTâ‰ Endorsement",ä¸­åäººæ°‘å…±å’Œå›½,0,0,1450,1121,4910,"US accusations against China in relation to #COVID_19 are baseless, said Zhang Yesui, spokesman for the National Peâ€¦ https://t.co/poGopSZbix",['COVID_19'],2020-05-21 23:59:59,en
105,105,jencook29,"Military mom, wife, librarian, LGBTQ supporter, #WIresister NO DMs","Wisconsin, USA",0,0,1284,604,3530,Deadly viruses donâ€™t go away on their own and they donâ€™t go away because the Supreme Court tells them to. COVID-19â€¦ https://t.co/dL5RcwCNys,[],2020-05-21 23:59:59,en
115,115,arnoldgalagaran,,,0,0,617,63,11448,Kuwait was the â€œPearl of the Gulfâ€ until it was hit by an occupation. Now a 2nd crisis offers it a golden chance toâ€¦ https://t.co/OVrV5oiWol,[],2020-05-21 23:59:59,en
119,119,McConnellPress,The #Kentucky press office for U.S. Senate Republican Leader Mitch McConnell @LeaderMcConnell. For more information please visit his website:,,10,2,367,95569,15017,.@senatemajldr: â€œWelcome home. I am truly grateful for your courage and selfless service in the fight against the pâ€¦ https://t.co/QBrXz2inyP,[],2020-05-21 23:59:59,en
120,120,hue80,"A FRIEND LOVETH at all time, and a BROTHER is born for adversity. Prov.17:17",CANADA,0,0,513,41,13614,"VIDEO: Coffin-makers in Nicaragua say business is booming amid the COVID-19 pandemic, where one owner says that somâ€¦ https://t.co/goRd9Lg4PZ",[],2020-05-21 23:59:59,en
121,121,blackBlondiee_,I'm just me|#SteelersNation |F.R.O.G,On your mind ,0,0,281,484,159551,Gov. Ralph Northam said on Wednesday that the state will enforce mandatory mask policies if COVID-19 cases continueâ€¦ https://t.co/dYhlpmnmtc,[],2020-05-21 23:59:59,en
129,129,PajaroValleyUSD,,,3,2,579,786,4553,Check out this PACE publication: COVID-19 Crisis Response in @PajaroValleyUSD Started with Listening to Familiesâ€¦ https://t.co/GMI93UuepC,[],2020-05-21 23:59:59,en
131,131,donnisinmd,"citizen, environmentalist, believer in social justice",,0,0,4045,561,89927,"Social distancing a week earlier could have saved 36,000 American lives, study says https://t.co/2eWtxRL7IB",[],2020-05-21 23:59:59,en
133,133,LocoCravey,"Good at raising hell. I'm also a scholar and filmmaker.

pronouns: she/her",Cottenboro (was Carrboro) NC,0,0,3604,2590,77163,"5/21 Coronavirus Behind The Scenes Report: Sharing my thoughts on Governor Cooperâ€™s Phase 2 of re-opening. Also, whâ€¦ https://t.co/aZeeyAuFIw",[],2020-05-21 23:59:58,en
134,134,MikeCroninWMUR,Anchor/Reporter/Sports @WMUR9. @CCRaider_HS @BryantUniv grad. Skier. Love everything New England. Proud dad of Byron ğŸ¾. Links/RTs âŒ endorsements. Opinions mine,"Manchester, NH",0,0,1527,2681,12263,"Corey Martin is 29 with no pre-existing conditions. He's currently on a ventilator, battling COVID-19. His family iâ€¦ https://t.co/FN3gYdlhu7",[],2020-05-21 23:59:58,en
135,135,MusicLov3rzRdo,Reaching 1 MILLION+ #MusicLov3rz #Radio & #Magazine Founder @ArtistsUnitedWW #Independent 3x Award Nominated for #MagazineOfTheYear,Worldwide,0,0,295841,296249,505113,"Hope In The Worldwide Storm!
Full video -&gt; â€‹https://t.co/q4LzTawabjâ€‹ â€‹#30days30videosâ€‹ â€‹#MessageToChristiansâ€‹â€¦ https://t.co/h8yd5AUVFE","['30days30videos', 'MessageToChristians']",2020-05-21 23:59:58,en
140,140,LoiseauChantale,Membre du PLQ & PLC. Les complotistes s'abstenir sur ma TL. ğŸ˜·ğŸ˜·ğŸ˜·,"Sherbrooke, QuÃ©bec",0,0,2092,803,38605,"Quebec forecast centre closed, meteorologists sent home after COVID-19 outbreak https://t.co/MHQ94ocfiq https://t.co/y4mo0iqH1o",[],2020-05-21 23:59:58,en
141,141,EdsonAKodama,Proud Active Citizen and member of Global Saraya Team: inspired to bringing sustainable solutions to make this world into a better place for generations to come,"Westchester County, NY",0,0,465,2656,23260,The best way to avoid future pandemics? Protect the natural world https://t.co/YxTaNEbRDn #nature #sustainability https://t.co/Fnrnm875QJ,"['nature', 'sustainability']",2020-05-21 23:59:58,en
142,142,edythe_foss,,,0,0,326,163,133505,"RIP Wilson Jerman, 91, who served 11 presidents from Ike to Obama as a cleaner, butler and elevator operator in theâ€¦ https://t.co/5scn2eb1nX",[],2020-05-21 23:59:58,en
144,144,BeaugiBear,,,0,0,180,78,35178,BREAKING: GOP State Senator Mike Testa just went off on Trump live on Fox News. He talked about Trump and his Adminâ€¦ https://t.co/u5WH2iuIHG,[],2020-05-21 23:59:58,en
145,145,BizAdvisories,A daily dose of news & insights for entrepreneurs and executives trying to make sense of latest regulatory issues and how they impact business. A @JDSupra feed.,JDSupra.com,0,0,2099,4287,392222,COVID-19 Consumer Data Protection Act introduced in the U.S. Senate https://t.co/vUXSaJ1MIO | by @swlawnews,[],2020-05-21 23:59:58,en
148,148,XtyMiller,Mother of 3 ğŸŒº Sharing peace â˜®ï¸ loveâ™¥ and music â™« with the worldğŸŒ #Aloha #Maui #NorCal #AnimalLover #Music #Love #Nature #iSpeakMyMind #CPTSD,"Redding, CA",0,0,17413,15828,270477,"JUST IN: McConnell signals next coronavirus bill ""not too far off"" amid growing calls from GOP senatorsâ€¦ https://t.co/7UdLdXg0xx",[],2020-05-21 23:59:58,en
152,152,Solutioneer72,"I'm all in 4 ğŸ‡ºğŸ‡¸, life, liberty, equality, prosperity, security, justice, truth, ğŸ’™ğŸ’œâ¤, happiness 4ğŸŒˆALLğŸŒ.
ğŸ”¬from1999.
â˜¯ï¸#Vote4DemocratsğŸ¦‹
#Biden2020 #TeamJoe","Chicago, IL, USA",0,0,5460,9603,1249212,"In April, @JoeBiden urged President Trump to lower the White House flag to half-mast in honor of those who lost theâ€¦ https://t.co/3hhE2YM3I2",[],2020-05-21 23:59:58,en
154,154,agittou,~ I am a Revolusioner ~,"ereke, Indonesia",0,0,153,218,907,"A study estimates that a single minute of loud speaking generates at least 1,000 covid-containing droplets, and theâ€¦ https://t.co/agnR1muad6",[],2020-05-21 23:59:58,en
160,160,beatrizprey,Research Fellow @AU_CLALS studying legislative politics in Latin America. Research assistant @qdrepository. Columnist @BrazilianReport.,"Washington, DC",0,0,854,867,2815,"Brazil with well over 1,000 dead from coronavirus today, another gruesome record. 

Meanwhile hereâ€™s Pres Bolsonaroâ€¦ https://t.co/fAwKapFFEX",[],2020-05-21 23:59:58,en
162,162,trytheone,"This is the storm before the calm. 
Imagine... 
You may say I'm a dreamer
But I'm not the only one
I hope someday you'll join us
And the world will be as one","In this world, just not of it",0,0,319,269,27752,@realDonaldTrump Lower the flags for more than just 3 days. Lower them for the duration of this pandemic. The way tâ€¦ https://t.co/iWMNRwpz0z,[],2020-05-21 23:59:58,en
163,163,CsuzdiG,â€¢24. News | ActualitÃ©s | Nachrichten - Politics | Politique | Politik. Aspiring journalist. Quiz shows. Cars. Science & weather ğŸ‡ºğŸ‡¸ğŸ‡¬ğŸ‡§ğŸ‡©ğŸ‡ªğŸ‡«ğŸ‡·ğŸ‡¸ğŸ‡ªğŸ‡­ğŸ‡ºğŸ‡·ğŸ‡¸ğŸ‡­ğŸ‡·,Ada / Novi Sad,0,0,5000,706,50222,Asia stocks set to trade lower as U.S.-China tensions rise https://t.co/H4yWZNeWDa,[],2020-05-21 23:59:58,en
164,164,luigi_warren,http://gab.com/luigi_warren,"Pasadena, CA",0,0,4303,3908,265178,"From physicians at a hospital on Walnut Creek, in Northern California, average household income 50% higher than USâ€¦ https://t.co/dGwTXGxens",[],2020-05-21 23:59:58,en
167,167,Dralnoaimi,Ø£ÙƒØ§Ø¯ÙŠÙ…ÙŠ ØŒ Ù†Ø§Ø´Ø· ÙÙŠ Ø§Ù„Ù…Ø¬ØªÙ…Ø¹ Ø§Ù„Ù…Ø¯Ù†ÙŠ  .Chairman Of Hedayah,,0,0,5734,431845,191915,"In a conversation with @SmithsonianFolk, Dana Al Marashi, Head of Cultural Diplomacy @UAEEmbassyUS discussed how thâ€¦ https://t.co/A3JdTSm7E2",[],2020-05-21 23:59:57,en
168,168,emcconnell96,"Associate Professor of English and Humanities, Actress/activist, single mom, military brat, hippie-hearted, straight-talker, anti-nuclear, I block bots #resist",Massachusetts,0,0,4997,4494,51743,It appears Trumpers are pushing a false theory that wearing masks causes carbon dioxide retention &amp; oxygen deprivatâ€¦ https://t.co/9K0L2EDOb1,[],2020-05-21 23:59:57,en
170,170,LOrion,"Proud to be 21st Century 3M Majority, #MultiRacial #MultiGender and #MiddleClass and YES a Physician",California,0,0,3406,4472,356638,"Professor Manhar Dhanak: â€œBreathing, #talking, especially without a #mask, these particles are so tiny, they can reâ€¦ https://t.co/5xrdwKwldi","['talking', 'mask']",2020-05-21 23:59:57,en
171,171,MPOrthoptics,"Vision Scientist & Orthoptist ('straight eyes') @UniMelbDOVS @auscollegeoptom. Research specialty: Binocular Vision. My views are my own, not my institution's.",,0,0,601,826,7745,"IAPB's statement on behalf of the global eye care sector at WHA!

""As the COVID-19 outbreak continues to evolve, itâ€¦ https://t.co/4QqkMWIP9N",[],2020-05-21 23:59:57,en
173,173,CraigKrupicka,,,0,0,64,14,7898,Instead of asking Andrew Cuomo on CNN about why exactly his state shoved covid-19 positive seniors back into nursinâ€¦ https://t.co/7FzhwH7oz4,[],2020-05-21 23:59:57,en
175,175,limeton1,"Anti Uber #DeleteUber & Plenty of Humor & Sarcasm. Against Political Correctness, It's had its day and Crossed the Threshold of Insanity it's time to Grow Up.","Trafford Park, Manchester U.K.",0,0,6725,8416,48081,"A taxi driver died with Covid-19 after being spat at by a fare-dodger refusing to pay for his Â£9 journey, accordingâ€¦ https://t.co/SRIzB7JIqm",[],2020-05-21 23:59:57,en
177,177,pattirod55,"Wife, mother love my family enjoying life & music Kentucky sassy girl âœ¡ For the love of my Country's future My rights on Political issues #DEMOCRACY #RESIST",USA,0,0,3152,2745,102930,Our hearts are with our fellow residents of Michigan who are enduring devastating floods during COVID-19.  https://t.co/gO4WBQJ0mw,[],2020-05-21 23:59:57,en
180,180,NightGracie,Wish I'd known how happy I was when I thought I was miserable.,"Brooklyn, NY",0,0,2164,754,35933,"With 1.6 million Americans infected with coronavirus and 96,000 dead, Trump today refused to follow state law or hiâ€¦ https://t.co/Dm45CiuNQU",[],2020-05-21 23:59:57,en
185,185,PH1Losophical,UT â€˜06,"Houston, TX",0,0,500,430,73579,"From physicians at a hospital on Walnut Creek, in Northern California, average household income 50% higher than USâ€¦ https://t.co/dGwTXGxens",[],2020-05-21 23:59:57,en
188,188,ohdekuh,I never had a father ok,,2,1,189,182,15965,Ok so I found out an old baseball coach died of coronavirus today this shit is real and yâ€™all need to take it seriously.,[],2020-05-21 23:59:57,en
189,189,NaomiRenaLevin1,Literature Travel General News Art Politics Gov Officials & Agencies Humanitarian,"Farmington Hills, MI",0,0,2924,647,38808,"Read the article if you like, but if you're in a hurry, here's the soundbite summary version: @RonDeSantisFL and thâ€¦ https://t.co/o4lZqh6fpP",[],2020-05-21 23:59:57,en
190,190,AuroraElect,Been resisting since before it was cool!,,0,0,3473,3228,110515,"@CoastalCndn I have an appointment with my barber for June 4. I'll be wearing a mask.

Before I go, I'll call him uâ€¦ https://t.co/6V3lLyp6qM",[],2020-05-21 23:59:57,en
191,191,rylee_struble,#ColdWorld,,25,1,159,322,8105,My grandma successfully beat coronavirus!,[],2020-05-21 23:59:57,en
193,193,WilliamWrberg,From Minnesota,,0,0,82,35,1858,Democrat Sen. Kamala Harris (CA) has introduced a bill on behalf of the Chinese Communist Party (CCP) to help the Câ€¦ https://t.co/WZfpAwY1eY,[],2020-05-21 23:59:57,en
197,197,TakuroSpirit,"Tower junkie.
Trek junkie.
Car junkie.
Occasional gamer, when any of the above are involved.",Oz,0,0,742,682,34948,Deadly viruses donâ€™t go away on their own and they donâ€™t go away because the Supreme Court tells them to. COVID-19â€¦ https://t.co/dL5RcwCNys,[],2020-05-21 23:59:56,en
198,198,SMarkfish,"ğŸ·ğŸ³ï¸â€ğŸŒˆğŸ
I have a passion for fairness and justice.
#BLM
#TheResistance
#FBR
#Biden2020
#USMC
ğŸ‡ºğŸ‡¸",,0,0,2873,2478,43354,"Michael Cohen &amp; Paul Manafort, both former Trump advisors, were released from prison early due to COVID-19.

Andreaâ€¦ https://t.co/pAZoPqOVAU",[],2020-05-21 23:59:56,en
201,201,Tkarera,"Passionate #learner,thrilled by our #networkedsociety #Skillsgapbridging #Climatechange #Foodsecurity #Leadership #Globaldev #PersonalFinance #Bigdata",North America ,0,0,7078,16115,65103,"Global #Coronavirus quick facts: 
Cases:9,033K(â†‘1.3%)&amp;US accounts for 26%
Deaths:469K(â†‘0.6%)&amp;US accounts for 26%
USâ€¦ https://t.co/eQuY8hsSsf",['Coronavirus'],2020-06-21 23:59:59,en
203,203,WilliaminCA,"Constitutionalist (hated by RINOs, NeverTrumpers, MAGA etc). Not stumping for GOP or Trump. Like & Retweet isnâ€™t an endorsement or reflect my views.","California, USA",0,0,378,242,96936,"Senate coronavirus bill includes $75M for Corporation for Public Broadcasting, which funds NPRâ€¦ https://t.co/dSoKrOrObH",[],2020-06-21 23:59:59,en
204,204,ellahoward271,"Politics.  New Era - Trump news: Weekly chain tweet. Post national & international headlines, direct news quotes. Comment & retweet. MPA. Block porn.",United States,0,0,9074,8855,134745,"Approval of Trump's coronavirus response underwater, as he returns to campaign trail: POLL https://t.co/dB169rlcduâ€¦ https://t.co/lnkANziLOh",[],2020-06-21 23:59:59,en
205,205,markburgerenerg,"Solar consultant, 21st Century 100% renewable electricity&energy, enviro justice&equity LEAF #EV owner jazz microbrew distilleries RT's not necessarily support.","Oak Park, IL",0,0,948,2965,500862,It is unacceptable for travel insurance companies not to cover cancellations caused by restrictions instigated by Câ€¦ https://t.co/ANfugBuVIT,[],2020-06-21 23:59:59,en
207,207,ViniciusN1kolod,"Contra qualquer forma de desgovernos, quÃª atrasam o mundo. Sempre ao centro que nos move. Na duvida siga ao centro

#AntiXucros",æ—¥æœ¬ æ±äº¬,0,0,5001,4203,770931,"46% of global Covid-19 deaths are recorded in 3 countries, which only account for 7.8% of global population.

Whatâ€¦ https://t.co/eugnfqJTGG",[],2020-06-21 23:59:59,en
208,208,MeowstyDawn,Artist. Activist. Advocate.ğŸ–¤ğŸ’œğŸ’™ğŸ’šğŸ’›ğŸ§¡â¤ï¸ she/her,"Knoxville, TN",0,0,503,101,1994,The coronavirus doesnâ€™t care if youâ€™re tired of the coronavirus.,[],2020-06-21 23:59:59,en
210,210,iAlabamaNews,Affiliate of @iAmericaNews,,0,0,13,0,29,More than 95% of coronavirus deaths in Alabama are among those with preexisting conditions. Among deaths with no prâ€¦ https://t.co/Yfg3i10eqM,[],2020-06-21 23:59:59,en
212,212,Mahii50541047,"I am student#degree final year
Negitive place thimmapuram
I like pets and kids",Vizag,0,0,4,0,134,Student who went to write Karnataka state board exam had Corona but still she attended the exam just because she diâ€¦ https://t.co/yTw0u0a1Uz,[],2020-06-21 23:59:59,en
213,213,REoptimizer,REoptimizerÂ® is the world's first and most efficient #CRE Optimization Software. #CRE #CREtech #Office #Warehouse #Retail #TenantTips #TenantRep #Leasing,"Commack, NY",0,0,3870,4580,124838,"COVID-19 &amp; Retail Space: What You Need To Know #CRE #COVID-19 #TenantTips
https://t.co/iCTXVam1ew","['CRE', 'COVID', 'TenantTips']",2020-06-21 23:59:59,en
216,216,BTCNews6,Australian libertarian Bitcoin mining investor and wealth-maker.,"Woolloongabba, Brisbane",0,0,4870,926,47772,NSW could put restrictions on Victorian border after coronavirus spike #auspol NSW Deputy Premier John Barila https://t.co/aIUDAoyrq4,['auspol'],2020-06-21 23:59:59,en
220,220,DrJLHazelton,Political scientist. IR. International security expert. RT = interesting not endorsement. All views personal.,,0,0,1808,2402,78465,"Longtime AP photographer and video journalist in Congo, John Bompengo, dies of COVID-19. https://t.co/HddKvT3gLW",[],2020-06-21 23:59:58,en
222,222,gepeto42,I like mobile clouds full of poutine. Head of security @ stealth startup & owner of @CaffeineSec / Security training author via @Pluralsight,Montreal,1,0,816,2079,30450,@ErrataRob @jeremiahg Heart stoppage stops the COVID-19 too. Slows down contagion too.,[],2020-06-21 23:59:58,en
225,225,AmyV333,,United States,0,0,1333,719,195093,Trumpâ€™s campaign will leave Tulsa tonight owing â€” in the opinions of 14 municipal government â€” more than $1.8 milliâ€¦ https://t.co/DDHwD9szLD,[],2020-06-21 23:59:58,en
228,228,needcoffee46355,"expert of sarcasm, Liberal, #Resister,#DemCast, animal lover, professor of bad language, member of bad habits anon,#MeToo, #BLM,ğŸŒˆ, #MaskUp,BIden/Harris","Texas, USA",0,0,1155,956,25468,GENEVA (AP) â€” The World Health Organization on Sunday reported the largest single-day increase in coronavirus casesâ€¦ https://t.co/aHf07mwHB9,[],2020-06-21 23:59:58,en
229,229,ND622,"Tea Drinkin', Cat Lovin', Tree Huggin' kind of gal. Love the KC Food & Cocktail scene! ğŸ˜†ğŸ˜† â€˜bout those Chiefs & my QB 2PM!!!",KCMO or Thereabouts,0,0,279,414,48001,â€œFederal review confirms CDC coronavirus test kits were faulty because of 'likely' contamination.â€ https://t.co/wNSr13Djjn,[],2020-06-21 23:59:58,en
230,230,rozanik56,#Resistance #resist #FuckTrump #BlackLivesMatter #FBR,"California, USA",0,0,4988,3215,71456,"President Trump infront of thousands of people just claimed Rep @IlhanMN, whose father recently died of the coronavâ€¦ https://t.co/1NCOBm4miZ",[],2020-06-21 23:59:58,en
231,231,axecapqsf100,"I know the game, I just don't play by the rules.",Mount Olympus,0,0,51,60,19006,"No hyperbole. No politics. Just common sense. 

https://t.co/leO3hF6Og4",[],2020-06-21 23:59:58,en
234,234,dagnytaggart68,Pro-Constitution! Anti-partisan. Medical cannabis advocate. Pro-Liberty. Die-hard Pens fan!!! RT what I find interesting/thought provoking.,"So. Cal, O.C.",0,0,308,32,5173,"As of today, there are 1,163 patients in ICUs, a change of +18 from the day before, and 2,411 non-ICU patients, a câ€¦ https://t.co/3IHwRgrwIl",[],2020-06-21 23:59:57,en
239,239,14letterscorp,,"Boston, MA",2,0,244,62,8006,@RosanneR429 @realDonaldTrump Itâ€™s coronavirusâ€™ fault. Good try though.,[],2020-06-21 23:59:57,en
240,240,Kristin53317358,,Beautiful Pacific Northwest,0,0,543,945,44359,Ethics watchdog American Oversight has sued the Trump admin after multiple agencies failed to release documents detâ€¦ https://t.co/xqnC27Ls4d,[],2020-06-21 23:59:57,en
241,241,rustyintheuk,"Sports nut, political enthusiast, news addict ...",,0,0,646,104,2189,The coronavirus doesnâ€™t care if youâ€™re tired of the coronavirus.,[],2020-06-21 23:59:57,en
245,245,marci65,,,0,0,308,39,3564,"Trump had a bad night in Tulsa. Very low turnout. Even his supporters know that COVID-19 is real and dangerous, andâ€¦ https://t.co/dRknJbvWqY",[],2020-06-21 23:59:57,en
246,246,vpetrash,Pol Sci & Int'l Relations Professor & Digital Activist. ANTI-AUTHORITARIAN. Follow ideas not messiahs. My principles ARE NOT negotiable. RTs â‰  endorsements,"Pinecrest, FL",0,0,6569,15440,60312,GENEVA (AP) â€” The World Health Organization on Sunday reported the largest single-day increase in coronavirus casesâ€¦ https://t.co/aHf07mwHB9,[],2020-06-21 23:59:57,en
247,247,lindanjohnson1,"Writer, reader, content strategist, opinionated, professional tilter of windmills in the daily battle to use technology for good not evil.","Dallas, TX",0,0,4677,3515,64527,@SiveraRuben @lindanjohnson1 @DrEricDing Thatâ€™s 3454 new cases in one day. Yesterday they had 4430 new cases. Texasâ€¦ https://t.co/VUefozBc9s,[],2020-06-21 23:59:56,en
248,248,acdptn,"Your friends and neighbors of Anderson County, TN.  We care about you!",,0,0,251,90,3341,"President Trump just admitted that he directed officials to slow testing.

And even though there's a spike in COVIDâ€¦ https://t.co/ngwtByNT3y",[],2020-06-21 23:59:56,en
249,249,manda_here_,Youâ€™ve survived 100% of your worst days. Please keep going.  (She/Her/They/ThemğŸ³ï¸â€ğŸŒˆ) NCSU â€˜23,"North Carolina, USA",0,0,573,227,14444,"How many negligent deaths from reduced COVID-19 testing does it take to be considered genocide?

Asking for 119,000â€¦ https://t.co/JLGsmN60r6",[],2020-06-21 23:59:56,en
250,250,susanicox,Citizen. Gadfly. Aspiring Optimist. (She/Her),"Cambridge, MA",0,0,1542,472,52387,The coronavirus doesnâ€™t care if youâ€™re tired of the coronavirus.,[],2020-06-21 23:59:56,en
251,251,Scimitar100,"Life. Games. Comics. Movies. Creation.

http://twitch.tv/anubisnightshade","Cumberland Furnace, TN",0,0,341,18,631,"Trump had a bad night in Tulsa. Very low turnout. Even his supporters know that COVID-19 is real and dangerous, andâ€¦ https://t.co/dRknJbvWqY",[],2020-06-21 23:59:56,en
252,252,djennings6781,,,0,0,83,72,26792,"Under President Trump, America is the world leader in coronavirus testing. The U.S. has conducted over 25 million tâ€¦ https://t.co/ZEEWjSi0BV",[],2020-06-21 23:59:56,en
253,253,ineyekomo,entertainment writer @refinery29. powerful with a little bit of tender. âœ¨,"New York, NY",2,2,405,1538,176140,"Eye too would love nothing more to be on someoneâ€™s rooftop enjoying my summer. But the coronavirus is real, guys. Yâ€¦ https://t.co/b06mNjAAOB",[],2020-06-21 23:59:56,en
254,254,DanielleDMont,"When there's nothing left to burn,you have to set yourself on fire.",NY,0,0,473,104,18276,Kentucky has used Covid-19 as an excuse to slash polling places for Tuesdayâ€™s vital primary to defeatâ€¦ https://t.co/FqfB5isAIT,['MitchMcConnell'],2020-06-21 23:59:56,en
256,256,LizDolphinfluff,"Playing with puppies, paint and molten glass helps keep me sane. Decided to invent an emotion - uqusquarkkle - feel free to use. Synesthete of many colors", Ginninderra Creek Canberra Oz,0,0,3410,2624,344515,"Absolutely terrible, 3 people died in Reading stabbing last night. However yesterday another 128 died of coronaviruâ€¦ https://t.co/Acg6D6Fvh7",[],2020-06-21 23:59:56,en
257,257,GiliwayaDoraine,,,0,0,424,404,69938,"President Trump just admitted that he directed officials to slow testing.

And even though there's a spike in COVIDâ€¦ https://t.co/ngwtByNT3y",[],2020-06-21 23:59:56,en
259,259,AyeeLexus86,You gotta Picasso in yo house! UK AlumğŸ’™ğŸ˜¸,"North Carolina, USA",0,0,543,1301,579049,"On the other extreme are potential super-spreading events â€” anywhere many people are confined indoors, especially iâ€¦ https://t.co/nJujflUG6A",[],2020-06-21 23:59:56,en
260,260,betterjobsearch,"Dedicated to making the world a better place for all.  #followfriday #ff 
#followback #followteamback #ifollowback Mention @betterjobsearch for RTs.","Chicago, IL",0,0,95369,97662,175047,"Regardless of how the field of education changes, there will always be rewarding careers. Here are five to considerâ€¦ https://t.co/zcFKSJ2pB3",[],2020-06-21 23:59:56,en
262,262,JodyBernier,"Love Cross Stitching, Bruins, The Walking Dead, Gardening, Country Music, Red Sox and cats not necessarily in that order...cats did I mention cats",,0,0,1156,709,45039,"121,908 Americans have died from the coronavirus. 

Donald Trump claimed last night that he ordered officials to quâ€¦ https://t.co/e9xZNwDNXr",[],2020-06-21 23:59:56,en
263,263,MJPhotographer,"Photog/graphic design, actor, yoga teacher/therapist,published poet/sswriter, short film maker, paper, dark chocolate lover, 2many Uni Degrees.Thalassophile",Australia,0,0,4969,3614,65040,"VIC LGA now has its own button on @covidliveau 

LGA numbers are updated each day when the @VicGovDHHS publish theiâ€¦ https://t.co/xni7pAPGGO",[],2020-06-21 23:59:56,en
264,264,TheManAngelo,,My bed,0,0,386,108,4333,"Trump had a bad night in Tulsa. Very low turnout. Even his supporters know that COVID-19 is real and dangerous, andâ€¦ https://t.co/dRknJbvWqY",[],2020-06-21 23:59:56,en
268,268,Tommy_Blackjack,,,0,0,1042,468,260489,The coronavirus doesnâ€™t care if youâ€™re tired of the coronavirus.,[],2020-06-21 23:59:55,en
270,270,JosephC21753027,Have fun,,0,0,49,8,1312,"We are still waiting for Chen Qiushi's return. Until he reappears, we will keep on counting the days.

Chen Qiushiâ€¦ https://t.co/ctssfh0exk",[],2020-06-21 23:59:55,en
271,271,thetrainmon,"Ride the (J) Train for Boston-style sarcasm & humor! Center-Left. Skewers faux Progressives. Regular outdoor runner & cyclist + gym, practicing social dist.",Greater Boston and Beyond,0,0,1161,407,42340,Support your local restaurants! #smallbusiness #COVID19 #coronavirus.  (@ Imperial China) on #Yelp https://t.co/MS7SjcYQFV,"['smallbusiness', 'COVID19', 'coronavirus', 'Yelp']",2020-06-21 23:59:55,en
272,272,Walton_Dornisch,"Founder ""You and Me Across Time"" - We build video monuments for people and their families; creating a sense of immortality. I am so proud to be YC Certified!","los angeles, california",0,0,126,290,37611,"BREAKING: Trump just said he told his people to slow down coronavirus testing in America, because it was increasingâ€¦ https://t.co/duvIsXeELJ",[],2020-06-21 23:59:55,en
273,273,SquirrelBalls2,Neurotic hippie.,"Milwaukee, WI",2,0,506,485,16042,"filter ideas for dating sites instead of race:

â€¢do BLM
â€¢do you wear a mask in public
â€¢are you social distancing 
â€¢â€¦ https://t.co/tocJd71ogn",[],2020-06-21 23:59:55,en
274,274,Moothong2007,"Tennis lover, especially Rafael Nadal. Other sport of interest are Goft and Soccer, especially ManU",,0,0,310,347,157482,"Grigor Dimitrov, fresh off his appearance at the Adria Series events, tests positive for COVID-19.

He becomes theâ€¦ https://t.co/tXTwF88KWy",[],2020-06-21 23:59:55,en
275,275,gilbo_the_2nd,"I love cake, dancing, cats and minis. Coeliac. Married and a mom of 3 humans and 3 cats and 2 dogs ğŸ˜Š",,0,0,1697,404,4153,"If everyone who has been grateful for NHS staff over the last three months followed and retweeted, we would reach aâ€¦ https://t.co/AOtMqikgqi",[],2020-06-21 23:59:55,en
281,281,ArmsBizarre,Joshua from Arms Bizarre & Spiritus (new solo venture),"Virginia Beach, VA",0,0,775,315,2086,President Donald Trump's intended show of political force amid a pandemic featured thousands of empty seats and newâ€¦ https://t.co/K3proH1RTs,[],2020-06-21 23:59:54,en
284,284,dtxtc13,,,0,0,3594,3202,112271,GENEVA (AP) â€” The World Health Organization on Sunday reported the largest single-day increase in coronavirus casesâ€¦ https://t.co/aHf07mwHB9,[],2020-06-21 23:59:54,en
285,285,TobiasBDog,"Ok ok. I'm not really a dog. Maybe. Look all I'm saying is that you cannot tell if someone on the internet is really a beautiful, portly hound dog or not.",,0,0,2683,1247,94369,"My initial gut reaction seeing this picture was one of pity for Trump, an old man with a stressful job during a tumâ€¦ https://t.co/NoHxNbh8wV",[],2020-06-21 23:59:54,en
289,289,ShameOnAmerica2,Voted Blue to restore the soul of our country. #VoteBlue2022 #EndRacism #WhenWeAllVote #BlackLivesMatter #wediditjoe â¤ï¸ğŸ¤ğŸ’™,My Country Tis of Thee ,0,0,3308,3400,21034,The @SenateGOP must pass the #HEROESAct now. What could possibly be stopping #MitchMcConnell from doing the work toâ€¦ https://t.co/lIFyRUhGXI,"['HEROESAct', 'MitchMcConnell']",2020-06-21 23:59:54,en
297,297,Skanlyn123,,,0,0,100,4,953,"@NeverGetGot @Atlas_Shoulders @Pr1ncessLily @CNN No matter. Economy is in the toilet, tens of thousands of people aâ€¦ https://t.co/QKcs1ZCEQA",[],2020-06-21 23:59:53,en
