,username,description,location,likes,retweets,following,followers,totaltweets,text,hashtags,date,langs
0,bobotringan,"Kadang jadi penggemar #ManUtd  | 
Bukan akun bola.",Ubun ubunmu,0,0,703,3426,29691,"Coronavirus deaths

China: 3119
Italy: 463
Iran: 237
South Korea: 53
France: 30
Spain: 30
US: 22
Japan: 17
Iraq: 6‚Ä¶ https://t.co/ak0AW0BWRC",[],2020-03-09 23:59:59,en
1,CherokeeNative3,"Retired Paralegal standing in solidarity w/ACLU, BLM, LGBT, PPF &TheResistance! B/c of treasonous espionage, we have a malignant narcissist in WH. #ImpeachTrump",92058,0,0,4069,6621,589979,The mob boss doesn't want an accurate count of the #coronavirus because it will make the stock market plummet. We c‚Ä¶ https://t.co/J7As0m39aP,['coronavirus'],2020-03-09 23:59:59,en
3,one4REALchange,"And sometimes, against all odds, against all logic, we still hope.

Champion of Liberty & Rule of Law   ‚öñÔ∏è

#WritingCommunity    #FBR     üö´ Lists    üö´ DMs",,1,0,22108,22166,16513,"@SenSchumer @JohnGunter2020 Rather than spend the weekend in Washington to get a grip on the #coronavirus  crisis,‚Ä¶ https://t.co/SML0m9GWJx",['coronavirus'],2020-03-09 23:59:59,en
4,cherrybaysb,"Mom, wife, grandmother to a yorkie named Belle, love laughing! Trump 2020!!",,0,0,2509,2460,395799,Schumer: What was glaringly missing from President Trump‚Äôs press conference was how he is actually going to combat‚Ä¶ https://t.co/gvK091uqlw,[],2020-03-09 23:59:59,en
5,NorCalAntonio,"Never, ever be afraid to make some noise and get in good trouble, necessary trouble. #goodtrouble ‚ÄîJohn Lewis","San Francisco, CA",0,0,4009,1470,105928,"All of Italy is in lockdown as coronavirus cases rise

https://t.co/pQi1gt8dIT",[],2020-03-09 23:59:59,en
7,steon2007,"Trump and Brexit prove that the rich can dupe enough of the rest of us to vote against our own interests. Fight, educate and persuade!","Liverpool, England",0,0,4764,1965,7578,"1/ I may be repeating myself, but I want to fight this sense of security that I see outside of the epicenters, as i‚Ä¶ https://t.co/0bneqfjfSD",[],2020-03-09 23:59:59,en
8,GinnyWThomas,"Mom, wife, dog & wine lover, avid reader, Longhorn, Texan, Democrat & a bunch of other stuff. Very opinionated,usually correct #StillWithHer #theResistance","California, USA",0,0,7989,8012,54858,"""President Trump, hellbent on re-election, is focused on massaging numbers and silencing bearers of bad news. That‚Äô‚Ä¶ https://t.co/5yuMLly33c",[],2020-03-09 23:59:59,en
9,NoiSinEss,For the Creed‚Ñ¢ | UNSC | Dota 2 player | üíõüíú Mamba Forever | #WakandaForever | This is the Way | Dodgers 2020 WS Champs üíôü§ç | YouTube: YT NoiSinEss,RVA | The Cantina | Virginia,0,0,994,1611,346494,Rumors spread on social media that snorting cocaine and drinking bleach can cure coronavirus ‚Äì they can't https://t.co/91wkxgSxEH,[],2020-03-09 23:59:59,en
10,MalasKwatro,stay away,,0,0,339,42,1475,"Once a vaccine for coronavirus is developed, it should be free.",[],2020-03-09 23:59:59,en
11,lacher_white,"God Thank You For Keeping Me Humble & Blessed Music Is My LifeThank God For: Mary J. Blige, Aaliyah, Biggie, Lil'Kim, Whitney, Faith, Brandy, Monica, Beyonce","Charleston, SC",0,0,132,750,141964,"Once a vaccine for coronavirus is developed, it should be free.",[],2020-03-09 23:59:59,en
12,Vining40404,Patriotic and independent. Activist since 2016; never worried before. I may or may not agree with retweets and likes. No DMs.,"Michigan, USA",0,0,3032,465,55716,"Donald Trump's day so far:

- Trump may have just been exposed to coronavirus on Air Force One by Matt Gaetz
- Gaet‚Ä¶ https://t.co/5o1gndGT7i",[],2020-03-09 23:59:59,en
14,avoidchaos,"Boss bitch. Black women are usually right but sometimes we f*ck up and hug convicted murderers.ü§∑üèΩ‚Äç‚ôÄÔ∏è Free your mind, your behind shall follow.","Los Angeles, CA",0,0,634,1069,204295,"Donald Trump‚Äôs day so far:

- Potentially exposed to coronavirus by Matt Gaetz
- Trump holds disastrous‚Ä¶ https://t.co/036nyUVt3J",['Pressconference'],2020-03-09 23:59:59,en
15,real_trump_news,"#Resist #FBR
Blocked by snowflakes @erictrump @dbongino 'Dr' @SebGorka
#Impeach45 #kakistocracy",,0,0,4524,1904,49295,"EOIR has ordered immigration court staff to remove CDC posters designed to slow spread of coronavirus. 

No, this is not a parody account.",[],2020-03-09 23:59:59,en
16,julialesueur1,,,0,0,265,74,4575,Coronavirus screening in the US https://t.co/wTwfrWJUYa,[],2020-03-09 23:59:59,en
17,SaeedDiCaprio,UWO‚Äô19. MSc Candidate. Palestinian üáµüá∏,NYC/UWOüá®üá¶   he/him,10,2,999,15669,25389,why mfs with the coronavirus going on a world tour bro stay your ass home lmfaooo,[],2020-03-09 23:59:59,en
18,SummitSheriffCO,"The Summit County Sheriff's Office is located in Breckenridge, CO.  This site is not monitored 24/7; in an emergency, please call 911.#SCSO","Summit County, Colorado",0,0,404,4039,4862,"The number one question I get is what Coloradans can do to protect themselves and keep safe from COVID-19. 

Here i‚Ä¶ https://t.co/u08vSoNPXf",[],2020-03-09 23:59:59,en
19,marcusvandersli,I don't expect much from people,,0,0,116,86,1195,"the coronavirus has around 100k confirmed cases and about 60k ppl have recovered. There has been ~3,500 deaths from‚Ä¶ https://t.co/0CfOafU5BR",[],2020-03-09 23:59:59,en
21,SleepyChesh,,,0,0,538,52,15717,BREAKING: A D.C. priest has Coronavirus. He offered communion and shook hands with more than 500 worshippers last w‚Ä¶ https://t.co/el2o1bKS7d,[],2020-03-09 23:59:59,en
22,Christian_G_10,Proud But Never Satisfied ; ALG ‚ù§Ô∏è,,0,0,297,369,13814,If you ever ate here you are immune from the coronavirus. https://t.co/KVdN2iGSun,[],2020-03-09 23:59:59,en
23,kiaraxcook,,,17,0,460,886,73493,Does coronavirus cause explosive shits or something I don‚Äôt understand https://t.co/jhzN2SxykS,[],2020-03-09 23:59:59,en
24,RealAdamB1,5G boosted,,0,0,4991,2322,135144,"France banning public gatherings of over 1,000 people to curb the spread of coronavirus but making an exemption for‚Ä¶ https://t.co/SgphXAT36W",[],2020-03-09 23:59:59,en
26,Gnasekar,,"Thoraipakkam, Sholinganallur",0,0,130,13,32,Consequences for @redBus_in passengers: 1. Arbitrary sleeper berth changes and forced to share berth with strangers‚Ä¶ https://t.co/n3BKZkXaIm,[],2020-03-09 23:59:59,en
27,DredPirateJames,Depressed Millennial‚Ñ¢Ô∏è,The Noble House of El,0,0,193,166,84036,Neither the CDC nor the coronavirus task force chaired by Pence would say who made the decision to forgo the WHO te‚Ä¶ https://t.co/OxITFiPo7x,[],2020-03-09 23:59:59,en
29,Popenici,Tweets are always my personal views. If one is irritated by them... good! Thinking is good!,"Darwin, Australia",0,0,240,713,26049,Two US lawmakers exposed to coronavirus before meeting Trump now in self-quarantine https://t.co/EpMa6a2ALj via @FRANCE24,[],2020-03-09 23:59:59,en
31,jmhamiltonblog,Publishing free economic and political thought. Instagram at jm_hamilton_blog,üá®üá¶üá∫üá∏üè≥Ô∏è‚Äçüåà,0,0,4315,5017,611460,Coronavirus: Europeans warned to expect months of disruption https://t.co/kniKNdgsxO,[],2020-03-09 23:59:59,en
33,hovvoodan,üíé SVT! üíé I'll do autofollback for carats UwU.,"gedung Pledis, studionya uji. ",0,0,893,630,59592,"#EXO's #Baekhyun, #AOA's #Seolhyun, #SEVENTEEN's #Hoshi, And More Make Donations To Help Combat Coronavirus‚Ä¶ https://t.co/ttAYe4HGcK","['EXO', 'Baekhyun', 'AOA', 'Seolhyun', 'SEVENTEEN', 'Hoshi']",2020-03-09 23:59:59,en
34,CasseroleFood,"The future is bleak, yo!

Retweets are marriage proposals.",Everywhere and nowhere,0,0,2947,2466,33390,"Trump‚Äôs payroll-tax cut will NOT help hourly wage earners, who would pay NO tax if businesses close, and they can‚Äôt‚Ä¶ https://t.co/DEJZNnbPk0",[],2020-03-09 23:59:59,en
36,karel60524954,It‚Äôs always the right time to do the right thing. #NoHateNoFear #BLM #AdoptDontShop #EndGunViolence #ClimateAction #GoodTrouble #StrongerTogether #VoteBlueüíôüåä,United States,0,0,12272,11279,67988,"I posted this a few weeks ago, but in light of coronavirus fears its worth a repost.

How effective is washing your‚Ä¶ https://t.co/jBhiMKYhWs",[],2020-03-09 23:59:59,en
38,pamcurtis4210,"Tessanne Chin supporter, love music, love to travel.please check out @Tessanne üé§üôå music üé∂ @iTunesMusic @spotify @SoundCloud",United States,0,0,173,2100,576291,"NEW: @JoeBiden to @Lawrence on Trump &amp; Coronavirus fallout. ""I wish he would just be quiet. I really mean it. That'‚Ä¶ https://t.co/U1TUIZmQZT",[],2020-03-09 23:59:59,en
39,JohnFoderick,Nurse Anesthetist (CRNA),"Minnesota, USA",0,0,265,288,12889,The best way to ensure economic security for the American people right now is for President Trump to deal with the‚Ä¶ https://t.co/a2Nelg93Eh,[],2020-03-09 23:59:59,en
40,shelbyfierros,ìÜå ìÜè,,0,0,663,900,17109,the coronavirus outbreak in Italy https://t.co/NsEt05y1pa,[],2020-03-09 23:59:59,en
41,Slayer_iwnl,Insta:Southwest.Jay24 Twitch Deycalmeslay Yt BLXCKSlayer,313  1600 G*59  2Ô∏è‚É£4Ô∏è‚É£,0,0,4630,632,30922,Coronavirus doesn‚Äôt stand a chance. https://t.co/9l8owDhcGr,[],2020-03-09 23:59:59,en
42,GGreediguts,White man examining my whiteness. I use Twitter to amplify voices that need to be heard. Somehow I got an advanced degree.,Always seem to be in Flyover Country,0,0,2716,285,47649,"Publishing: We're hiring!
Me: Great! Is it remo-
Publishing: MUST LIVE IN NEW YORK CITY! WE ARE CHAINED TO OUR DESK‚Ä¶ https://t.co/mWVJ0o3pnI",[],2020-03-09 23:59:59,en
45,refrag,"I should probably add something here someday, shouldn't I? He/him","Chicago, IL",0,0,2548,567,57697,The same restrictions previously imposed on parts of n. Italy now extend to the whole country. NO public gatherings‚Ä¶ https://t.co/c7RHEUZOcH,[],2020-03-09 23:59:59,en
46,1984_greg,"Lebron James the Greatest it's no debating it! #FUCKTRUMP. I love scary movies, I love to read James Patterson and Sidney Sheldon books.‚úäüèæB‚úäüèæL‚úäüèæM","Tampa, Florida ",0,0,28,317,10660,@trumpanhator2 You mean Trump might have the Coronavirus? Damn how sad https://t.co/Ma2jHQZsT1,[],2020-03-09 23:59:59,en
49,LisbethStein2,"Humanitarian,  educator and supporter of Democratic and Constitutional principles.",,0,0,898,456,43630,"Your daily reminder that:

a. Trump is using a provision of the Affordable Care Act to require that insurers cover‚Ä¶ https://t.co/MvMY3CtYmy",[],2020-03-09 23:59:59,en
50,HRDNewZealand,"HRD New Zealand provides new, opinion and analysis for HR professionals.",Auckland,0,0,2141,2518,6998,Organisations should be thinking about their crisis management plans now https://t.co/h7V1hpVTqC,[],2020-03-09 23:59:59,en
51,emilesyman,,,0,0,2416,1047,107940,"Trump took no questions at his press conference today, because he‚Äôs a coward who‚Äôs to blame for the stock market cr‚Ä¶ https://t.co/pLA9L5P8Jm",[],2020-03-09 23:59:59,en
53,Melina_Gee,medical researcher | shoe lover | social enterprise founder @FranklinWomen | TEDx speaker. Part of Bupa Health Foundation Team. Views my own,,0,0,2542,3765,20359,LIVE: Daily media briefing on #COVID19 with @DrTedros #coronavirus https://t.co/cN3WfNcsyd,"['COVID19', 'coronavirus']",2020-03-09 23:59:59,en
56,jeromethegnome,"Guinness drinking aficionado. Some day in the future you will be just a distant memory, try to be a nice one. Foreign. Socialist. Retweets are not endorsements.",U.K.,0,0,4894,5054,238012,"2001: Foot &amp; Mouth led to the cancellation of Cheltenham Race Festival 

2020: Coronavirus spreading among human po‚Ä¶ https://t.co/jLjDkGUCSU",[],2020-03-09 23:59:59,en
57,jrholtz,"MO, OK, IL, PA, IL, WI, MO, ESP, MO, WI, CA, DC, VA, (CA), (WI), DC, WI","Milwaukee, WI",0,0,608,147,3245,"Attention brewers: 

We know you're trying to think of a clever Coronavirus/COVID name for your newest beer.

Don't.

Thanks!",[],2020-03-09 23:59:59,en
58,Monique00502881,,,0,0,496,29,882,"Germany's first ""drive-in"" coronavirus testing center went into operation on Monday. https://t.co/ox0Gt0PJYs https://t.co/zUZ9IXqYwa",[],2020-03-09 23:59:59,en
61,digitalnative,"Apple Distinguished Educators Ô£ø, Retired Contemporary Literacy Integrationist. Scruffy Nerfherder. Striving to be the person my dog thinks I am.","Richmond Hill, Ontario. Canada",0,0,879,2435,68624,"Should the Vulcan greeting replace the handshake in the coronavirus era?
https://t.co/PVWUWqcYrT",[],2020-03-09 23:59:59,en
62,JwzRafiel,snap: rafielx010 : insta: RafielxScf0546 Avc L√° Premiere ‚ù§ Psn ID: RafielxScf0546 soms zie je me wel & soms niet ;) üí∏üìé,Domme jongens in je stad,0,0,121,126,11107,OFFICIAL: Serie A has been suspended due to the coronavirus outbreak https://t.co/h3NiwdmqQG,[],2020-03-09 23:59:59,en
64,BGramev68055257,"Resister, quilter, reader Warrior for the poor.",Michigander,0,0,1117,1249,248581,Is there a bigger corporate loser in the whole coronavirus debacle than the cruise industry? Taking nominations.,[],2020-03-09 23:59:58,en
65,99Godsgirl001,HOLD THE LINE! üá∫üá∏üá∫üá∏üá∫üá∏,,0,0,3678,3115,90703,.@BernieSanders would still keep Americans at risk by not closing the borders in order to keep #coronavirus from sp‚Ä¶ https://t.co/JP2CZmY3B0,['coronavirus'],2020-03-09 23:59:58,en
66,hohnhill,just someone who cares about stuff. works in healthcare. getting tired. she/her,,0,0,1557,325,16025,"In his newsletter @brianstelter says about Trump's visit to the CDC: ""Most of the news coverage of the visit downpl‚Ä¶ https://t.co/MxEjw891p2",[],2020-03-09 23:59:58,en
70,Paulohpfelix1,"Crist√£o na IMPD, Bolsonarista,Trumpista, Armamentista. F√£ dos Broncos, United, e Messi. Um Jovem cheio de defeitos. JESUS DISSE: QUE TUDO √â POSS√çVEL AO QUE CR√ä.",M√≥ro em um pa√≠s aben√ßoado. ,0,0,2397,1412,30495,Am I the only one that‚Äôs not that worried about the coronavirus?,[],2020-03-09 23:59:58,en
72,GinaLawriw,,,0,0,7057,9435,1001661,"MLB, NBA, NHL, MLS to close locker rooms to the media over coronavirus concerns https://t.co/VgKfEtOID9 via @usatoday",[],2020-03-09 23:59:58,en
73,andreahatesyou,üé∂Trance‚ñ™Ô∏èTechno‚ñ™Ô∏èHouse üé∂in that order... wake me up when events start happening again,‚òÜXANADU‚òÜ,0,0,350,448,64556,Corona got these flights cheap as hell I gotta job interview in Greece Monday,[],2020-03-09 23:59:58,en
74,WalkerMishelle,Former OFA Supervisor Obama/Biden Campaigns #Italian #Resist #DownSyndromeMom #Vegan #Athiest #BIDEN2020 Trump is an embarrassment to the human race! üáÆüáπüè≥Ô∏è‚Äçüåà,"Michigan, USA",0,0,8163,7440,71235,"PEOPLE LISTEN:

On February 27th, Italy had 600 people infected with coronavirus.

Today, it has 10,000 cases and t‚Ä¶ https://t.co/2OcyVCLS9a",[],2020-03-09 23:59:58,en
76,josejsmferreira,Vencedor do Copo de Ouro 2019,2430,0,0,315,502,20059,Corona got these flights cheap as hell I gotta job interview in Greece Monday,[],2020-03-09 23:59:58,en
78,nolamama2008,,,0,0,743,188,6122,A nursing home worker in Brooklyn has tested + for #COVID19 -- nursing homes and cruise ships are proving to be hig‚Ä¶ https://t.co/a0nCGBHRh2,['COVID19'],2020-03-09 23:59:58,en
79,cindywue,,,0,0,1759,339,118375,"Schumer: ""What was glaringly missing from President Trump's press conference was how he is actually going to combat‚Ä¶ https://t.co/mI1P9jmoNR",[],2020-03-09 23:59:58,en
81,agungdwimulya,,,0,0,522,300,3976,"All of Italy is now in lockdown. 
We‚Äôre into completely unprecedented territory with this Coronavirus, yet still‚Ä¶ https://t.co/pU2Oto748h",[],2020-03-09 23:59:58,en
83,zacbeholder,"26, IT, music, games, @gremio, @fcbarcelona",Porto Alegre - RS,0,0,336,504,104408,The coronavirus panic is dumb,[],2020-03-09 23:59:58,en
84,ClaudeUbanan,"+Being imperfect emphasizes our dependence on God‚Äôs mercy.  üáªüá¶¬†
- One day I will live in my car full time.",,0,0,2714,415,57602,"After hearing and seeing the President last night, did you feel more confident about our country's efforts to stop COVID-19?",[],2020-03-09 23:59:58,en
87,77Suzanne,I like pie. She/her/Ms. Jackson if you‚Äôre nasty.,,0,0,2079,341,30909,"Matt Gaetz also walked into work with a gas mask last week to mock concerns about Corona Virus. Now, he has put him‚Ä¶ https://t.co/YIj8bmgfWo",[],2020-03-09 23:59:58,en
88,bernardino_riza,Ig: bernardino.riza,"Santa Maria, Central Luzon",0,0,242,99,4582,Lord please keep us safe. Please keep us healthy. And please take Covid-19 away!!,[],2020-03-09 23:59:58,en
89,heatherwhyte,"When she's not doing that software engineering thing, you can find Heather watching Planet Earth pretending she is travelling üíõ she/her","London, England",0,0,1659,613,1293,"I see a lot of people being like ‚ÄúI would survive the Coronavirus. I‚Äôm taking my chances.‚Äù

The way I see it, yeah.‚Ä¶ https://t.co/TOc2rjS7ah",[],2020-03-09 23:59:58,en
90,subyroy,Cambridge PhD under FHahn; LSE First. *Philosophy of Economics* 1989. USA 1980-96. Led UH perestroika-for-India project 1986-92. Advised Rajiv Gandhi 1990/1,,0,0,6,2380,220648,not an emergency #ChinaVirus #coronavirus (it did not seem to me to be one... PRC stopped some holidaying...) https://t.co/keSCOKKLf9,"['ChinaVirus', 'coronavirus']",2020-03-09 23:59:58,en
91,flitterbgibbet,No warning shots. Teach your children to ask ‚ÄúHow can I help‚Äù? Better if you start young but it works on millennials too. üòâ,,0,0,618,606,19729,"#ES Not supried by this at ALL!

 According to Bloomberg 500 of the world's richest people lost a combined $203 bil‚Ä¶ https://t.co/SyxdlrEFS9",['ES'],2020-03-09 23:59:58,en
93,salentoq,Autor del blog de teratologia y creador de los miercoles de #teratologia. Apasionadamente explorando los l√≠mites de la credulidad humana,Hocico de Roedor,1,0,912,2405,140429,@darrenrovell So coronavirus has a mortality oh 3% and the flu of 0.009% according to your numbers ... so we indeed‚Ä¶ https://t.co/ZTuPRZTsb7,[],2020-03-09 23:59:58,en
94,chris27795627,#FBPE,"Manchester, England",0,0,1485,999,29364,"This was sent to me by a friend from Naples, Italy. The ‚Äúprotezione civile‚Äù (civil protection service) has been sen‚Ä¶ https://t.co/KV2bfDnVY0",[],2020-03-09 23:59:58,en
95,saxmanscott,,,0,0,1060,2313,12170,"‚ÄúWhy the United States declined to use the ‚Å¶@WHO‚Å© test, even temporarily as a bridge until the Centers for Disease‚Ä¶ https://t.co/eFnBQxF0TV",[],2020-03-09 23:59:58,en
98,sharmaisk,I must respect the opinions of others even if I disagree with them.,Japan,0,0,294,39,86,"Coronavirus deaths

China: 3119
Italy: 463
Iran: 237
South Korea: 53
France: 30
Spain: 30
US: 22
Japan: 17
Iraq: 6‚Ä¶ https://t.co/ak0AW0BWRC",[],2020-03-09 23:59:58,en
99,125nm1,#TheResistance #Resist #NotMyPresident #MoscowMitch #Science #SciFiFantasyAuthor#VoteBlueNoMatterWho #Biden2020,"Albuquerque, NM",0,0,3526,867,61955,"Asked Pelosi if she thinks Trump should be tested after his interactions with Doug Collins and Matt Gaetz. 
Pelosi:‚Ä¶ https://t.co/EGfqxar47J",[],2020-03-09 23:59:58,en
100,quezunstoppable,Let me live my life,"Maryland, USA",0,0,390,488,14780,"Coronavirus: Do that lil dance and you‚Äôre safe

Me: https://t.co/p0dZPWErHy",[],2020-03-14 23:59:59,en
101,ThePeoplesCube,"My pronouns: Comrade People's Director, Incarnadine Trapezoid
My books: Hotel USSR http://bit.ly/HotelUSSR 
Shakedown Socialism http://bit.ly/ShakeSoc",The Current Truth‚Ñ¢,6,1,1030,9909,101724,If @DonaldJTrumpJr got a DUI or a parking ticket it‚Äôd knock the Coronavirus off the front page https://t.co/fIvcsIcP7M,[],2020-03-14 23:59:59,en
104,StaceyBingLtd,#Health #Fitness #nutrition #Pilates #MentalHealth,,0,0,1049,299,213,"CBT FOR CORONA VIRUS

https://t.co/UmZtUP7yAy 

#COVID„Éº19 #coronapocalypse #COVID19 #mentalhealth #stress #Fear‚Ä¶ https://t.co/JNCfE1CNNV","['COVID„Éº19', 'coronapocalypse', 'COVID19', 'mentalhealth', 'stress', 'Fear']",2020-03-14 23:59:59,en
108,bobbietweddle,,,0,0,99,28,18040,"Personal news. I‚Äôm sick. Have been since Tuesday. Have the symptoms of COVID-19, but no way to know for sure. I can‚Ä¶ https://t.co/rYYJfybM5p",[],2020-03-14 23:59:59,en
111,wpjenna,The Washington Post // America Desk // Jenna.Johnson@washpost.com,Washington D.C.,0,0,2933,124878,33021,"Coronavirus sports cancellations leave one group of fans particularly deflated: 

Vasectomy patients.

From the dep‚Ä¶ https://t.co/1P6Fxdhacf",[],2020-03-14 23:59:59,en
113,DanielleFong,international woman of mystery,üåé,0,0,7663,22498,98780,"Revealed: elderly to be quarantined at home or in care homes for four months, in ""wartime-style"" mobilisation to co‚Ä¶ https://t.co/8arVZu0C6l",[],2020-03-14 23:59:59,en
115,moefromcanada,"Happy, and Proud Canadian üá®üá¶Also proud of my Irish üáÆüá™Heritage!‚òòÔ∏è Hoping our neighbours, can bring sanity back to the US! Cheering for Biden!","Ontario, Canada",0,0,1628,616,47442,".@MarcGarneau announced we are delaying the start of the cruise ship season until July 1st at the earliest, and we‚Ä¶ https://t.co/feJ6ulCd0O",[],2020-03-14 23:59:59,en
116,Smallworldscoop,Watchful eye on world events|Political analysis.,,0,0,342,22,10174,"New York Governor Cuomo confirms increase of 115 coronavirus cases in New York City, 613 confirmed cases statewide",[],2020-03-14 23:59:59,en
117,DimitriHonch,I just want decidueye in smash,"Boston, MA",0,0,188,53,832,The Coronavirus theme song is a bop! I love my people ü§£ü§£ü§£ü§£ü§£ü§£ https://t.co/dZpJJE394H,[],2020-03-14 23:59:59,en
121,Remainiac2,Rejoiner. #FBPE. Better in than out. Showing that Brexshit is bad for Britain. He / him. üá™üá∫üá¨üáßüè≥Ô∏è‚Äçüåà,Europe,0,0,3776,2807,9298,Totally incompetent of @UKgovt to brief draconian #coronavirus plans off the record in response to criticism.,['coronavirus'],2020-03-14 23:59:59,en
123,aphrrod1te,I believe in taehyung supremacy üßéüèº‚Äç‚ôÄÔ∏è,non of your business ! ,0,0,130,160,36404,A photo of Chinese medical workers and law enforcement officers riding horses to remote places in the Altai Mountai‚Ä¶ https://t.co/j67vuGxiMk,[],2020-03-14 23:59:59,en
124,yeetbruh320,date of birth: 420/69/01,Sweden,0,0,847,118,2379,there is only 6 cases in my state and its a full family. im not gonna stay home but if there is more confirmed case‚Ä¶ https://t.co/Y004wI38kH,[],2020-03-14 23:59:59,en
125,Adri1adri2,üêã,,0,0,123,67,16113,Ms. Corona didn‚Äôt come to play https://t.co/lSWF7csy1b,[],2020-03-14 23:59:59,en
126,AC_Rocker,"Father, husband, warrior-poet.",Springpatch,0,0,1178,132,3566,Missouri Reps. Billy Long and Jason Smith were among the 40 Republicans to vote no on the coronavirus relief bill (‚Ä¶ https://t.co/AHxkt9W9yz,[],2020-03-14 23:59:59,en
128,Dilxazsofi,,Kurdistan ,0,0,334,2725,17469,BREAKING: Wife of Spain's Prime Minister tests positive for coronavirus,[],2020-03-14 23:59:59,en
129,BaronianConsult,"Interested in Aerospace, Aviation,  Advanced Technologies, HealthCare Technologies, Competitive Intelligence, Human Capital Solutions",,0,0,4998,1236,581864,Officials: 2 coronavirus cases reported in Pittsburgh https://t.co/oV4kJD2yUz,[],2020-03-14 23:59:59,en
133,nyc_cynn,‚ò• KlƒÅ‚Ä¢ris ü¶Ñ|üé¥,^«ùun ád«ùu^,0,0,1127,1143,31211,"*global pandemonium because of corona*
my school on a wednesday night : https://t.co/jU2zBfPbVq",[],2020-03-14 23:59:59,en
134,MaryTheSub72,Followed by @TeaPainUSA @DevinCow @MingGao26 @glennkirschner2 #ProPubEd. #DemCast #DemCastTX #ONEV1 Z29,"Texas, USA",0,0,4760,3337,37744,"‚ÄúAmong other developments on Saturday, US President Donald Trump tested negative for coronavirus, the White House s‚Ä¶ https://t.co/YrutrqGbzD",[],2020-03-14 23:59:59,en
135,RByrne100,"Digital Project Manager / Producer interested in life, the universe & everything",UK,8,6,250,46,117,@BorisJohnson Justify how UK #coronavirus strategy is better than that being advised by scientists everywhere else?‚Ä¶ https://t.co/vyjhxDn5XB,['coronavirus'],2020-03-14 23:59:59,en
137,ShenequeProctor,"Humanities Ph.D. (2013). Lived in St. Louis, MO from Aug. 2013 - Aug. 2017. Falo portugu√™s. Hablo espa√±ol. M' pale krey√≤l. #BlackLivesMatter #FergusonFrontline","St. Louis, MO & Mattapan, MA",0,0,805,1364,69336,"Here‚Äôs something that‚Äôs absolutely terrifying: a comparison of the age distributions of Covid-19 cases in Italy, wh‚Ä¶ https://t.co/i9t78Dv4Om",[],2020-03-14 23:59:59,en
144,Horus18990200,"Antagonist to #MORONS
Rt Rt Rt Rt Rt Rt Rt Rt..... Don't stop!","Blue Earth, MN",0,0,2207,690,48377,"Coronavirus cases rise in israel's filthy, overcrowded jails where up to 10 Palestinians share tiny cells &amp; medical‚Ä¶ https://t.co/tNrXmh7DEl",[],2020-03-14 23:59:59,en
146,roveedeguzman,,,0,0,686,449,1950,"Rappler's @lianbuan reports this morning from the checkpoint in Malanday, Valenzuela, an entry point to the Metro f‚Ä¶ https://t.co/XOorxikPH7",[],2020-03-14 23:59:59,en
149,JayyMulaa3,Chicago babyyyy üí´,"Chicago, IL",0,0,622,619,6356,why the fuck is our country so fucking stupid??? why are we REFUSING to test people for coronavirus?? why are we re‚Ä¶ https://t.co/ukPqEXalQa,[],2020-03-14 23:59:59,en
150,KevinWheatleyKY,"Education reporter for @WDRBNews in Louisville, KY.

‚úâ kwheatley@wdrb.com
FB: http://facebook.com/KevinWheatleyW‚Ä¶
IG: @kevinwheatleywdrb","Louisville, KY",2,0,1610,5381,12108,"@MarcusGreenWDRB Area now includes positive COVID-19 tests out of Bourbon and Montgomery counties, not to mention t‚Ä¶ https://t.co/nfMWNOaM17",[],2020-03-14 23:59:59,en
154,mikailuhh,Ayo? what the fuck?,Your mind,0,0,538,524,4510,This how NY niggas gotta get on the train now #CoronaVirusUpdates #COVID„Éº19 #coronavirus #coronapocalypse https://t.co/W8x7SsL4mL,"['CoronaVirusUpdates', 'COVID„Éº19', 'coronavirus', 'coronapocalypse']",2020-03-14 23:59:59,en
155,noor_zanial,Researcher @JohnsHopkinsIH Fierce advocate for health equity & mental health. Head of Community Dev @muslimwomenprof @HarvardChanSPH alum she/her üáÆüá∂,"Boston, MA",0,0,713,947,2491,"As of March 14 at 8:00 a.m., the state of North Carolina has a total of 680 public (i.e., non-commercial)‚Ä¶ https://t.co/bBoYVecsom",['coronavirus'],2020-03-14 23:59:59,en
156,ChattanGypsy,"Climate Change, Sustainable World Activist","British Columbia, Canada",0,0,557,403,66238,"Asiyah¬†and Jawad Javed, owners of a small shop in Scotland, spent ¬£2,000 on masks and alcohol gel, and are giving t‚Ä¶ https://t.co/Q0WHeH0Zn2",[],2020-03-14 23:59:59,en
158,JFusfield,"Communications Team Manager/Managing Editor @EconometricaMD, proud @UofMaryland alumnus, @gwbusiness MBA, Philly & Terps sports diehard, general know-it-all","Maryland, USA",0,0,707,210,13019,"Here‚Äôs something that‚Äôs absolutely terrifying: a comparison of the age distributions of Covid-19 cases in Italy, wh‚Ä¶ https://t.co/i9t78Dv4Om",[],2020-03-14 23:59:59,en
159,CarlosJoe_,Always traveling and catching a vibe! ü§ôüèΩüåä,"WV, CA, NC. ",0,0,2046,685,19979,GOOD NEWS: 3 #coronavirus patients in Maryland have fully recovered and are now able to return to everyday life.‚Ä¶ https://t.co/F6I7f0Jzp5,['coronavirus'],2020-03-14 23:59:59,en
160,DKlemitz,,,0,0,2619,764,31922,"üìΩÔ∏è |  Spain limits movement and takes over key Catalan services to fight coronavirus

Our reporter Cillian Shields‚Ä¶ https://t.co/puHsSiwsJN",[],2020-03-14 23:59:59,en
163,deepfillernyc,18+ NSFW deepfillernycbookings@Gmail.com,"New York, NY",188,14,304,151092,2338,I feel like eating some pussy tonight but don‚Äôt want to catch the ‚Äúcorona‚Äù ü§¶üèª‚Äç‚ôÇÔ∏èü§¶üèª‚Äç‚ôÇÔ∏èü§¶üèª‚Äç‚ôÇÔ∏è,[],2020-03-14 23:59:59,en
164,tigerbeat,Photojournalist Also @tigerbeat @instagram Don't embed my photos as tweets/Instagram in stories Pay for my work DM or srhodes gmail Signal available on request,San Francisco,0,0,11292,10270,619078,"Sanders that there are likely people watching his livestream (his campaign says there are 100,000 people watching)‚Ä¶ https://t.co/Yxww6NCw3r",[],2020-03-14 23:59:59,en
165,choccymilk15,@meetyoutheremgc üíö,New Zealand,0,0,2205,128,17160,BREAKING: China has reported the outbreak of a deadly coronavirus #Covid_19 in the city of #Wuhan,"['Covid_19', 'Wuhan']",2020-03-14 23:59:59,en
166,setufreeb,,"Washington, DC",0,0,216,463,93458,"Chinese billionaire and Alibaba co-founder Jack Ma said he will donate 500,000 coronavirus testing kits and one mil‚Ä¶ https://t.co/AQL0OYfa5i",[],2020-03-14 23:59:59,en
169,M_Peasant,"Simpre mira a donde vas, pero nunca olivides de donde vienes. #OU15","Washington, DC",0,0,1085,669,43101,"My heart can't üò≠

This Muslim couple, owners of a corner shop in Scotland, assembled Corona Virus relief packages f‚Ä¶ https://t.co/gW115hMCmW",[],2020-03-14 23:59:59,en
170,Kristin1406,"‚ÄúIf liberty means anything at all it means the right to tell people what they do not want to hear.‚Äù George Orwell,Animal Farm ‚ùÑÔ∏è #FBPE üá™üá∫",European üá™üá∫,0,0,4696,3296,58135,"Could someone please show the UK government these graphs?!
China has proven that testing, quarantine, distancing an‚Ä¶ https://t.co/IACHkSIZhV",[],2020-03-14 23:59:59,en
171,naynay_whores,my darkest hours | househead | xo,,0,0,400,855,44356,it‚Äôs crazy how because of corona we can see how almost everything we do is a totally made up social construct that‚Ä¶ https://t.co/xSPb0u5TWY,[],2020-03-14 23:59:59,en
173,janee_clay,"Family Nurse Practitioner dedicated to maximizing all aspects of human health through education, advocacy, practice and caring.","Louisiana, USA",0,0,87,8,61,"For updated #COVID-19 information:

- Dial 211
- Text LACOVID to 898-211
- Visit https://t.co/D3BztgyK3m‚Ä¶ https://t.co/NtVcmlzcFn",['COVID'],2020-03-14 23:59:59,en
175,bevk4,"building democracy for next generations, community development, gardening, quilting, justice for all.",,0,0,597,161,2118,"Doctors from China &amp; Cuba are in Europe, Latin America &amp; Africa helping countries fight Coronavirus, putting themse‚Ä¶ https://t.co/moKTXJ5B95",[],2020-03-14 23:59:59,en
176,itsgeobruh23,Reals g's move in silence like lasagna ‚öìÔ∏è,"Hawaii, USA",0,0,202,81,32970,Someone tell Drake to wear this so the Coronavirus will end https://t.co/HbMhCVnwIU,[],2020-03-14 23:59:59,en
177,mikrocxsmos,no worries at least this planet has namjoon,,0,0,222,34,16400,"Doctors from China &amp; Cuba are in Europe, Latin America &amp; Africa helping countries fight Coronavirus, putting themse‚Ä¶ https://t.co/moKTXJ5B95",[],2020-03-14 23:59:59,en
182,ymisalchicha,No sabes cu√°nto lamento no estar al nivel de tus est√°ndares. ¬øVerg√ºenza? ¬øQu√© es eso?,por ah√≠,0,0,150,299,93948,it‚Äôs crazy how because of corona we can see how almost everything we do is a totally made up social construct that‚Ä¶ https://t.co/xSPb0u5TWY,[],2020-03-14 23:59:59,en
183,new6614,,,0,0,1088,105,91869,The world reacting to the coronavirus: #coronapocalypse https://t.co/029pQe5WDP,['coronapocalypse'],2020-03-14 23:59:59,en
184,ShadesOutWest,"Living the dream. Bookkeeping, investing, golfing and financial planning.",United States,5,0,270,154,4761,"If hospitals get overwhelmed by those with the Coronavirus  and if your appendix bursts, you're likely dead. All th‚Ä¶ https://t.co/HYqJQtMeBk",[],2020-03-14 23:59:59,en
185,Hakan_Kavlak,"Co-Founder & Managing Partner of KCCTech | Si vis pacem, para bellum",California,0,0,100,55,159,The Contra Costa Health Officer has issued a mandatory order prohibiting public and private mass gatherings of 100‚Ä¶ https://t.co/8s8B5dcced,[],2020-03-14 23:59:59,en
188,bassantmohammed,,,0,0,230,126,2163,#BreakingNews: President Al #Sisi decides to suspend schools and universities for two-weeks starting Sunday and all‚Ä¶ https://t.co/VdldMFwuJu,"['BreakingNews', 'Sisi']",2020-03-14 23:59:59,en
192,sellon_jack,,,0,0,292,71,1542,A photo of Chinese medical workers and law enforcement officers riding horses to remote places in the Altai Mountai‚Ä¶ https://t.co/j67vuGxiMk,[],2020-03-14 23:59:59,en
193,jakeklee23,DC üá∫üá∏| @JMU Alum | üè≥Ô∏è‚Äçüåà | tweets & opinions are my own,"Washington, DC",0,0,992,810,29521,"Opinion | Please, Don‚Äôt Go Out to the Bars Tonight - The New York Times Social distancing is a responsibility...it‚Äô‚Ä¶ https://t.co/aYlXKX9YIS",[],2020-03-14 23:59:59,en
194,MCMedKant,Selvudn√¶vnt filmn√∏rd og livsnyder. MCMedKant er min personlige konto. Laver mine egne filmanmeldelser i √∏jenh√∏jde via @filmtipsdk,,0,0,653,398,9329,"NEW: our most substantial update yet of the coronavirus case trajectory tracker

‚Ä¢ Now showing China‚Äôs early trajec‚Ä¶ https://t.co/WhnKUA1aUG",[],2020-03-14 23:59:59,en
195,MxMAKz,I vent here a lot. LADA (T1) diabetic w/o a thyroid. Tweets are my own not that of my employer. library staff + exbarista. personal Twitter.,NoVa,0,0,2124,491,6630,Just a reminder: it‚Äôs okay to blame the  president for how bad things get with COVID-19 because he fired the entire‚Ä¶ https://t.co/lb51ftZCYQ,[],2020-03-14 23:59:59,en
196,notbrinney,"do crafts, not drugs","Los Angeles, CA",0,0,118,135,9148,"One thing I‚Äôve learnt from this Coronavirus situation &amp; the panic buying is that there are so many selfish, ignoran‚Ä¶ https://t.co/GK1Hd6eiSm",[],2020-03-14 23:59:59,en
197,ModelMajorityP,Citizen journalism podcast with an #AsianAmerican lens by @kevinsxu @AnthonyNagatani @reappropriate. Find us on ANY place that has podcasts.,The US of A,0,0,909,1135,6086,"This is good news.

üö® WASHINGTON (@AP) ‚Äî Trump doctor says president has tested negative for novel coronavirus. https://t.co/r5r3u9OTrG",[],2020-03-14 23:59:59,en
200,peacefultamara2,I enjoy all kinds of music!!! thank you for taking me on your journey.... $itstamara69 cash app,United States,0,0,3046,1730,50800,90-year-old Life Care Center coronavirus patient makes remarkable recovery https://t.co/C5VM6GLPbE,[],2020-03-19 23:59:59,en
202,55bonnie,"Nurse, pt. advocate, artist, mom, patriot, Army Brat, NO LISTS. Where r ur sources? I know Medicaid/ Medicare regs. Protect Medicare/SSoc. #resist #Voteblue",PA,0,0,2045,1600,70907,Emergency room physician: We're seeing people in their 40s on ventilators due to coronavirus - CNN Video https://t.co/R8J1Rz0N3l,[],2020-03-19 23:59:59,en
203,Danielle61574,,,2,0,1099,616,3472,Me wondering why it's taken @765nic this long to create a meme about me and COVID-19... https://t.co/tmTOuNPeYD,[],2020-03-19 23:59:59,en
204,Jane85413347,,,0,0,750,595,41096,"BREAKING!!! (Follow-up on yesterday‚Äôs tweet.)

New Drug Trial 100% Effective Against Caronavirus.

President Trump‚Ä¶ https://t.co/9Kq63yX5DG",[],2020-03-19 23:59:59,en
207,GraingerMarcos,"Film is an art project so massive it can not be made by one individual. It takes many hands, eyes, and ears to create. Everyone involved deserves credit.","Los Angeles, CA",0,0,227,238,46474,I'm old enough to remember when Joe Biden said Italy has a universal healthcare system and they're struggling with‚Ä¶ https://t.co/xMx6oSvOGg,[],2020-03-19 23:59:59,en
208,Anita27_12679,Toda Tendencia del Gobierno es SPAM DENUNCIALO los BUENOS somos M√°s üáªüá™üôè,Venezuela,0,0,903,508,22280,"I've lost my mind.

I wrote Coronavirus Rhapsody:

Is this a sore throat?
Is this just allergies?
Caught in a lockd‚Ä¶ https://t.co/fgQpkiP04k",[],2020-03-19 23:59:59,en
209,bubaet,,,0,0,157,110,8917,"I‚Äôm 22 years old and I tested positive for COVID-19. 

I‚Äôve been debating on posting, but I want to share my experi‚Ä¶ https://t.co/lyJvgwwphW",[],2020-03-19 23:59:59,en
210,SonOfSunTzu,"Providing Decision Support and Cyber Security Strategist services.
Questioner of assumptions, and Analogy Overlord
Polychronic, I think.
Tsundoku adherent.",www.pathdependence.co.uk,0,0,2402,1338,23325,‚ÄúAn ideology of ‚Äòeveryone for himself‚Äô will not work when the health of each of us depends on the health of all of‚Ä¶ https://t.co/ZW24jUNBOy,[],2020-03-19 23:59:59,en
212,kyoshino,"Managing Editor, Los Angeles Times","Los Angeles, CA",0,0,1355,10898,19002,The two Lakers who tested positive were asymptomatic. It's worth reading this @lzgranderson column on why NBA stars‚Ä¶ https://t.co/RE3b9WN84G,[],2020-03-19 23:59:59,en
216,fourpointplayuk,British NBA Collective. Send us topics you'd like us to discuss! #NBAintheUK Contact us at: fourpointpod@gmail.com #fourpointplay #fourpointplaylive,"London, England",0,0,201,589,19296,"I was tested 5 days ago and the results came back tonight, which were positive. Ive been self quarantined since the‚Ä¶ https://t.co/qEyzatSLZf",[],2020-03-19 23:59:59,en
218,dshaun_newton,#Steelers #Starwars,,0,0,418,69,830,"Marcus Smart announces he tested positive for the coronavirus: ""I don't feel any of the symptoms, but I can't stres‚Ä¶ https://t.co/8cSUPnUMGX",[],2020-03-19 23:59:59,en
219,tinafeapf,Resistance is not futile,,0,0,237,450,22350,"I‚Äôm halting elective surgeries and dental services that require the use of medical protective equipment. 

We need‚Ä¶ https://t.co/cTLO94eg7h",[],2020-03-19 23:59:59,en
220,LADYJAHRMANA,Before I was born GOD dipped me in glitter and I have been shining ever since  #teamVIRGO #theNSLS #teamSEPTEMBER #teamBROWNSKIN Student Nurses rock!,USA,0,0,1424,215,7316,"My niece, brother and her grand all had similar symptoms. Now I've spent all day listening to them try to see if th‚Ä¶ https://t.co/Pm3I9SqVI1",[],2020-03-19 23:59:59,en
221,basell_allan,"Country GP, husband and father. Middle of the road, being driven to left by LNP. Appreciative kidney transplant recipient.",Boddington. WA,0,0,1709,962,30698,"The infectious diseases expert, who in the 1980s was the brains behind Australia‚Äôs world-leading AIDS/HIV campaign,‚Ä¶ https://t.co/sKdfz1KmoD",[],2020-03-19 23:59:59,en
223,AuntHagatha,ANTIFA = Anti-fascism. (There was a whole big war about it.),,0,0,887,64,19218,@SenatorBurr That's cool. Now explain the $1.6 million in stock you sold after receiving classified briefings on the coronavirus.,[],2020-03-19 23:59:59,en
228,princessperfect,"It‚Äôs my world , you‚Äôre just a propüíÜüèæ‚Äç‚ôÄÔ∏è @Princesselisee on Instagram","Charlotte, NC",4,0,198,307,674,Day 4 of corona quarantine: Like for a Tbh and rateüëåüèæ,[],2020-03-19 23:59:59,en
229,dferdjr,Howard University ü¶¨ |üáªüá®üáπüáπ| He/him/his | #gopats | abolish the system that is killing us and build a clean equitable one,Mass,0,0,1029,906,3645,Talk about what? First thing this guy says is there is no coronavirus ‚Äúin his opinion.‚Äù Who is this person and why‚Ä¶ https://t.co/eTTx1eqMdh,[],2020-03-19 23:59:59,en
231,the_icehouse,We help Kiwis find their business success and to reach their potential.,New Zealand,0,0,1358,9672,3290,"COVID-19: Keeping safe and The Icehouse Community https://t.co/ma1cOWWJXz

Now is the perfect time to update our ne‚Ä¶ https://t.co/gCnkKJB2mX",[],2020-03-19 23:59:59,en
232,UKYRHA,The University of Kentucky Residence Hall Association | SAACURH Region       Leadership ‚Ä¢ Advocacy ‚Ä¢ Service ‚Ä¢ Belonging     Lead where you Live,"Lexington, KY",0,0,135,848,1523,"Hey, @UKHouseResLife residents! Check your email for important information regarding residence hall move-out.

FAQS‚Ä¶ https://t.co/Nch4s5gD4C",[],2020-03-19 23:59:59,en
234,arin_banerjee,"Proud single Latina Mother of 3, Author, Olympian salsa dancer, Ex US army ranger",Canada,0,0,1945,81,3334,markiplier talks about coronavirus very touching https://t.co/O9qpVw3DFp,[],2020-03-19 23:59:59,en
239,Grit99,,"Canterbury, Kent",0,0,206,67,6977,"As Intel chairman, @SenatorBurr got private briefings about Coronavirus weeks ago.

Burr knew how bad it would be.‚Ä¶ https://t.co/PbZDV9bFXa",[],2020-03-19 23:59:59,en
240,JuliaLixon,ü¶éüåø,,0,0,374,39,156,Sharing this because corona  https://t.co/ofBDQE58RJ,[],2020-03-19 23:59:59,en
241,kolo20,"#RESIST #BLM #UNITEBLUE #Icomefromimmigrants #impeachtrump #actonclimate #equalrights #flint #guncontrolnow #nowall #puerto rico
üó≥Ô∏èüåäüè≥Ô∏è‚Äçüåàüáµüá∑üóΩ","Washington state, USA",0,0,4585,2600,21524,"BREAKING: The KY Senate, in the midst of the #coronavirus pandemic, passed the conference committee report on SB 2,‚Ä¶ https://t.co/gtGVCMWeRr",['coronavirus'],2020-03-19 23:59:59,en
243,patriotpromise2,"Loves: My family, my country, truth telling, being creative and supporting those I appreciate and respect.",,0,0,914,1381,241142,"I see @OANN is trending 

We were the first network in the country to have someone call for a travel ban due to the‚Ä¶ https://t.co/1yq3MhDvBl",[],2020-03-19 23:59:59,en
246,kyoshino,"Managing Editor, Los Angeles Times","Los Angeles, CA",0,0,1355,10898,19002,Two Lakers test positive for the coronavirus. The Lakers had 14 players tested for the coronavirus virus at the tea‚Ä¶ https://t.co/0JHIpwTgb3,[],2020-03-19 23:59:59,en
247,F3Gopher_4A,,,0,0,467,218,2828,"I've lost my mind.

I wrote Coronavirus Rhapsody:

Is this a sore throat?
Is this just allergies?
Caught in a lockd‚Ä¶ https://t.co/fgQpkiP04k",[],2020-03-19 23:59:59,en
249,TheyCallMePYT2,They Call Me P.Y.T‚Ñ¢ Recording Artist | Ghost Writer | Performer | Placement @insecurehbo |WATCH DO ME RIGHTüé•üëáüèΩ,"California, USA",3,0,274,200,1142,Watch @DjBeneficial's broadcast: Corona Virus got us on lockdown! üòû It‚Äôs ok Dj Beneficial is here to brighten your‚Ä¶ https://t.co/gEW70dArRs,[],2020-03-19 23:59:59,en
250,UrbanMysticDee,"Tie a knife with a ribbon, with a red, red, ribbon...
ü§ò‚ò†Ô∏è #Deadstream ‚ò†Ô∏èü§ò
Beard of Beards & Sapphic Saprophyte",Erth,0,0,17,44,6015,"Disaster scenarios out of #Iran re #coronavirus. 18k ""official"" cases, likely double or triple that. Experts estima‚Ä¶ https://t.co/nAliVWnCvu","['Iran', 'coronavirus']",2020-03-19 23:59:59,en
251,Raceguy1st,"Writer/broadcaster, gearhead. Media contraction victim. 2 time stroke survivor. Proud dad and grampy. Politics & motorsports. This little box isn't big enough","Moncton, NB, CA",0,0,455,568,45973,I‚Äôm not sitting here locked in my house eating Chef Boyardee and binge watching Maury so little Danny Dipshit can g‚Ä¶ https://t.co/6XLeFXnTSo,[],2020-03-19 23:59:59,en
252,DiJdtrotter7,,,0,0,703,18,4225,This is the sort of thing you resign from Congress over. https://t.co/j4hVF4n6kM,[],2020-03-19 23:59:59,en
253,Don32208836,"Tweets include #Wildlife, #Nature, #Scenery, #Photography & #Travel. Count on someone who can count. ‚ÄúHappiness depends upon ourselves.‚Äù","Ammon, ID",0,0,4604,4986,5515,After effect of the Coronavirus.ü§™ü§™ü§™https://t.co/lwgHkbAbMG,[],2020-03-19 23:59:59,en
259,Auriandra,"‚ÄúA world expert in semantic interoperability‚Äù‚ÄîDr Chris Chute, Mayo Clinic. Democrat. Policy wonk. Worried about the survival of American democracy.
üò∑ ‚áá 6‚Äô‚áâ ‚úãü§ö",Lake Wobegon MN,0,0,4301,4326,232873,"As the COVID-19 pandemic continues to unfold, many people worry about contracting the virus by touching surfaces li‚Ä¶ https://t.co/7DERsOXVTK",[],2020-03-19 23:59:59,en
260,Winking_Buddha,Retired NASA-JSC PAO/Planner. Now: MSc. Certified Marine Naturalist. Anthrozoologist. Animal behavior researcher/writer/lecturer. Poet. #BidenHarris2020,"Houston, TX‚ÄîPort McNeill, BC",0,0,3211,1360,117704,Analysis: The new sick leave law doesn‚Äôt help the workers that need it most https://t.co/pasI4e9fmv,[],2020-03-19 23:59:59,en
261,neryjac_nery,"Defensora de la vida y de las oportunidades!Vigilante del derecho de ni√±as y mujer! #VP Amcham Gye,Embajadora de mi amado Guayaquil.‚ÄùEl ego es el peor enemigo‚Äù",,0,0,432,527,1515,"GLOBAL HEALTH ADVISORY: On March 19, the Department of State issued a Global Level 4 Health Advisory advising U.S.‚Ä¶ https://t.co/nl6RcodQ76",[],2020-03-19 23:59:59,en
263,debbie_stegall,,,0,0,54,96,68665,Coronavirus cases are falling in South Korea because of their experiences with past viruses. This should be the Uni‚Ä¶ https://t.co/rHBCRFCaMq,[],2020-03-19 23:59:59,en
264,netsstan,@brooklynnets @giants @manutd,,0,0,3244,4958,47898,"I was tested 5 days ago and the results came back tonight, which were positive. Ive been self quarantined since the‚Ä¶ https://t.co/qEyzatSLZf",[],2020-03-19 23:59:59,en
265,absolutelynoda,Olivia Emerie Graceüíïü§ûüèø,Kings Court ,0,0,832,595,10834,"I‚Äôm 22 years old and I tested positive for COVID-19. 

I‚Äôve been debating on posting, but I want to share my experi‚Ä¶ https://t.co/lyJvgwwphW",[],2020-03-19 23:59:59,en
267,MimiMom8083,,,0,0,2039,584,48209,Burr spox says the transactions were ‚Äúmade several weeks before the U.S. and financial markets showed signs of vola‚Ä¶ https://t.co/YjRx6MkjNb,[],2020-03-19 23:59:59,en
268,zannerina,Essayist - Historian - Reader - Mother of three amazing human beings. #Resistance,"California, USA",0,0,3782,3044,329196,"""Former South Carolina Gov. David Beasley, the current head of the U.N.‚Äôs World Food Programme, has confirmed he ha‚Ä¶ https://t.co/iIiLvXKCgL",[],2020-03-19 23:59:59,en
270,dianesummers6,"Proud supporter of Hillary Clinton, the Democratic Party, #TheResistance #FlipTheIL15th #WeAreThePatriots #IDWP","Hamel, Illinois",0,0,3176,3509,133043,"BREAKING: Trump told Governors across the US to buy their own coronavirus supplies, then his administration outbid them. Disgusting.",[],2020-03-19 23:59:59,en
275,reececruv,thfc,Essex,0,0,637,574,25930,"ü§£ Eddie Hearn brings out his Chris Eubank impression to boost nationwide morale amid the coronavirus pandemic‚Ä¶

[üìΩÔ∏è‚Ä¶ https://t.co/TyNKaGwqrH",[],2020-03-19 23:59:59,en
278,TheDrPT,,,15,3,396,1017,945,"As promised, here it is! Watch the full CEC webinar, ""Teaching Special Education Online During COVID-19"":‚Ä¶ https://t.co/BjVEO5ZAnv",[],2020-03-19 23:59:59,en
279,djp1974,"Prince of #Serendipity. cf: #Synchronicity, #Poetry ‚ôã #publicsector #mystic #poet

""Whoever discovers the interpretation of these sayings will not taste death.""",Canberra,0,0,4835,3685,150949,"I'm not going to make some claim that art is going to save us right now, but engaging with artists about the anxiet‚Ä¶ https://t.co/Gj5Ag5SQmh",[],2020-03-19 23:59:59,en
282,FRANKFORDthe3rd,,"Los Angeles, CA",0,0,48,57,3907,When you live in CA and hear 56% of Californians will get coronavirus over the next 8 weeks https://t.co/lLItsl0DRH,[],2020-03-19 23:59:59,en
284,MikePilbean,"Baseball, Beer, & Rock n' Roll, in no particular order. & Dogs. Big Dogs, not the little ankle-biters. Artist & writer, contributor @CubsDen. I am Jack Dawson.",Proud American Vagabond,0,0,25,105,5578,"After all, they are playing so nice. After unleashing what may be the most devastating bioweapon in human history,‚Ä¶ https://t.co/0EO0Idgqjb",[],2020-03-19 23:59:59,en
287,JSandiford23,"Certified 7.5, 1x Kahoot Winner",Road View,0,0,113,66,3818,"I was tested 5 days ago and the results came back tonight, which were positive. Ive been self quarantined since the‚Ä¶ https://t.co/qEyzatSLZf",[],2020-03-19 23:59:59,en
288,EllenSimons13,,,0,0,234,15,5185,"11:47: *TRUMP SAYS FDA HAS APPROVED CHLOROQUINE FOR USE IN COVID-19

11:48: *TRUMP SAYS STILL COLLECTING EVIDENCE O‚Ä¶ https://t.co/r1IrGKeyaA",[],2020-03-19 23:59:59,en
290,KosairCharities,Since 1923 #Kosair Charities has had one primary mission ‚Äì helping #kids in need.,"Louisville, KY",2,1,1787,3587,3985,"During these uncertain times, the children in our community need you now more than ever to ensure funding for cruci‚Ä¶ https://t.co/Ut0hafyZlX",[],2020-03-19 23:59:59,en
292,coreybamba,Owner Of @snipethighlight üì≤,In A Elevator w/ Ray Rice üìç,0,0,4821,470,69101,"Two Lakers players have tested positive for the coronavirus, per @ShamsCharania https://t.co/yMGG31S6zw",[],2020-03-19 23:59:59,en
293,Red_NinjaStefff,Underrated by Most: TruuUniversityAlum: ClarionUniversityAlum: #FreeDBoi Sc:TheKidSteff31:,Space,0,0,292,121,15570,"I was tested 5 days ago and the results came back tonight, which were positive. Ive been self quarantined since the‚Ä¶ https://t.co/qEyzatSLZf",[],2020-03-19 23:59:59,en
294,ceee_jayeeg,http://stopandstarebycdg.com,,0,0,1444,1450,19183,Marcus Smart announced he‚Äôs the Celtics player who tested positive for the coronavirus. https://t.co/t4FiuDoZtS,[],2020-03-19 23:59:59,en
297,lindanewman52,"my opinions are my own,others are available,feel free to agree or disagree.i like to hear other people's take on things cos it sometimes changes my mind.",Warwickshire UK,0,0,4232,3330,41118,"NEW: After assuring the public about the government's coronavirus preparedness, Senate Intel chair Richard Burr, in‚Ä¶ https://t.co/InZ0IGK1on",[],2020-03-19 23:59:59,en
300,_emgm_,"‚ôàÔ∏é aries sun, ‚ôêÔ∏é sagittarius moon, ‚ôéÔ∏é libra ascending ‚ô°",csu fresno alumna ‚ô°,0,0,192,179,7925,"Here‚Äôs some info regarding Covid-19, might seem simple to some but I know it will help others üëåüèº https://t.co/G3zgNiYXzT",[],2020-03-29 23:59:59,en
302,Mmaarrll,"Healthcare Advocate - It‚Äôs a new Dawn, it‚Äôs a new Day and I‚Äôm feelin‚Äô good üòå",North America,0,0,4331,1236,112306,"Dr. Fauci is reiterating that 100,000 Americans could die from the coronavirus.

‚ÄúWhat we‚Äôre trying to do is not le‚Ä¶ https://t.co/NxTNk7Nytr",[],2020-03-29 23:59:59,en
303,GideonHenry,We must protect our childrens freedom while there is time. The clock is ticking. ‚åõÔ∏è Parler Gab #ZeoliArmy TruthWillSetUFreeüëÅ#FightBack CO NWArk PA,America,0,0,4241,3317,258226,THREAD: #SurveillanceWatch 1/ Follow the bouncing ball with me. Start w/Singapore government using a Bluetooth app‚Ä¶ https://t.co/aTJwB472hR,['SurveillanceWatch'],2020-03-29 23:59:59,en
306,TotalTribes,Queer and Quarantined,IG: brown.bougie,0,0,325,270,54941,me when i call it COVID-19 instead of the rona https://t.co/i46B1OPTXG,[],2020-03-29 23:59:59,en
308,flolindy1,"Proud Public School Teacher  if you voted for Trump, don't bother",Long Island NY,1,0,2602,2560,77279,"@RealCandaceO So according to webmd. about 200,000 Americans get the flu in a year. 

According to the CDC America‚Ä¶ https://t.co/6C58o3Xi0P",[],2020-03-29 23:59:59,en
310,Highlighter84,"2006 Most improved student




















 



































Voted best in the neighborhood",United States,0,0,967,1174,49091,Trump allowed COVID-19 to slip out of control. He cut the CDC. The economy is in the toilet. Do polls really show A‚Ä¶ https://t.co/fVPtcX1BTZ,[],2020-03-29 23:59:59,en
313,PeterWallaceAU,Ex thin blue line. Conservative. Capitalist.,Australia,1,1,3474,5041,27002,"Do Re Mi - Covid 19 version. üî•üî•üî•
 
https://t.co/9p41cRUAWx",[],2020-03-29 23:59:59,en
315,k1ngsol1,"Don't talk about it, be about it. Got that hybrid vigor. Future astronaut. #GoDawgs #BlackLivesMatter",Hell,0,0,345,1101,87932,"Nearly a dozen Liberty University students have COVID-19 symptoms after school reopened, NYT reports  https://t.co/C33vyDyDOU",[],2020-03-29 23:59:59,en
316,AnoushkaLochun,,"Walthamstow, London",8,1,35,14,4,"1st night, 1st time dealing with Covid- 19 patients at Peace ward. Great teamwork. https://t.co/KYtfwXK0vN",[],2020-03-29 23:59:59,en
317,ariesmoonn,IV„ÉªVII„ÉªMMXVI Jas üíñ,,0,0,530,1801,40610,UPDATE: Trump extends social distancing guidelines to April 30 despite previous comments to 'reopen' country by Eas‚Ä¶ https://t.co/YL6RxlesJ7,[],2020-03-29 23:59:59,en
318,brent_schacter,,,0,0,175,34,60749,Interesting to hear @Robert_E_Kelly (the political scientist &amp; dad interrupted during an intv by his kids) talk to‚Ä¶ https://t.co/XOCagqUHAk,[],2020-03-29 23:59:59,en
319,ruthfw13,"Short bucket list. Not asking why anymore. Supporter of good. Lover of dogs, but I repeat myself.  #TheResistance","Kansas City, MO",0,0,1236,1282,57666,"Liberty University, which partly reopened its campus amid the coronavirus pandemic, confirmed they now have almost‚Ä¶ https://t.co/T9iX2lz7Np",[],2020-03-29 23:59:59,en
320,coach02888yaho1,,,0,0,143,29,33910,"Also note: Chuck Todd served as a moderator of an NBC News debate on Feb 19, which was more than two weeks after Pr‚Ä¶ https://t.co/NkvgPhn4FE",[],2020-03-29 23:59:59,en
321,ChrisB41009553,,Crystal,0,0,486,53,36535,"Dutch govt found 600,000 #China-made masks failed to meet quality standards and had defective filters. Days ago, Sp‚Ä¶ https://t.co/ImQSZDYvmw",['China'],2020-03-29 23:59:59,en
323,rushton007,,"Ottawa, Ontario",0,0,2626,1581,50172,"Trump, who insists he is a billionaire, has not donated one penny to COVID-19 relief.",[],2020-03-29 23:59:59,en
324,TateJW,"Senior editor at @insidephilanthr. I write about climate change, cities, social movements... My newsletter is http://tatewilliams.substack.com","Boston, MA",0,0,488,853,17773,"""...I've been talking to Fox insiders over the last few days, there's a real concern inside the network that their‚Ä¶ https://t.co/LInn37inHu",[],2020-03-29 23:59:59,en
325,thatduanepol,l @DemSocialists memberüåπüö©l Queer üè≥Ô∏è‚Äçüåà(he/him/his) l My Opinions Are My Very Own üí¨ l Former Political Organizer üó≥ & Former Journalist üë®üèª‚Äçüíª l Secular ‚öõÔ∏è,"Sherman Oaks, Los Angeles, CA ",0,0,892,1317,92896,"More than 2,000 Americans have already died from the coronavirus, but the President of the United States is tweetin‚Ä¶ https://t.co/DRv4RHqJcE",[],2020-03-29 23:59:59,en
326,HelpRodger,"#AllLivesMatter except for pedophiles murderers and rapists,their lives dont matter.
 : AUSTRALIAN https://youtu.be/SwsSXdUATu8",,38,15,3798,2370,16762,"@ScottMorrisonMP the only person in the world that stopped the illegal boatppl, now he's the only leader in the wor‚Ä¶ https://t.co/cwEG0sgzSs",[],2020-03-29 23:59:59,en
330,Eyesgack,"Postdoc at Abbott Labs, PhD from @Northwestern, working to make biology easier to engineer + build a better world. Developer for the Free Genes project üß¨","Chicago, IL",0,0,1069,1868,10515,Scientist-turned science communicator (and @NEOdotLIFE  contributor) @ichaydon is participating in the first COVID-‚Ä¶ https://t.co/ydxZMTuUgA,[],2020-03-29 23:59:59,en
333,sunilpacholi,"Architect and interior Designer Director Surdhenu foods ,swayamsevak by birth",Village khairitaygaon ,0,0,677,300,5032,"If the government is doing something wrong, point it out and offer robust solutions.

Rajan is an economist and not‚Ä¶ https://t.co/W0QrkpveKx",[],2020-03-29 23:59:59,en
336,EvildudeOne,"Ask me what you wanna know and I'll tell you.
Proud #NRA member and pro #2A",Ohio,0,0,3976,1717,26305,"7 million people left Wuhan, China in January...after govt officials knew about coronavirus human to human transmis‚Ä¶ https://t.co/05QKZesQ20",[],2020-03-29 23:59:59,en
339,CapeWonderBat,I'm Batman. And I'm rich. And I can afford any chick. Even Wonder Woman. Dan Bilzerian ain't got nothing on me. =) LOL,,0,0,377,40,1582,"Coronavirus timeline:
- January 19: 100 cases
- January 24: 1,000 cases
- February 12: 50,000 cases
- March 6: 100,‚Ä¶ https://t.co/Q6q2jEA5bz",[],2020-03-29 23:59:59,en
340,Kdub2daHouse,"Loving, Caring, Husband and Father. Soldier In God's Christian Army. Born Football Addict/ Hoops Junkie.. All Things Fantasy, the NFL Draft, and Memphis...","Durham, NC",0,0,1517,416,6190,"One month ago, Trump said there were only 15 coronavirus cases in the United States and in a few days it would be z‚Ä¶ https://t.co/fvz38IGGu7",[],2020-03-29 23:59:59,en
341,rbpinky,"Animal lover, love my motorcycle, volunteer @ animal shelter/Foster. üå∏Love your life ~ You only get one...BE YOUR BEST YOU ALWAYS...","Rancho Cucamonga, California",0,0,1712,1109,4970,"AVERAGE US Abortion deaths per day: 1,708

TOTAL US Coronavirus deaths so far: 1,307

We are being scammed.",[],2020-03-29 23:59:59,en
342,WintersPilar,"üåä Animal lover, avid reader, believer in science.","Seattle, WA & New York",0,0,4900,4405,162111,"‚ÄúIf you haven‚Äôt been paying attention, maybe this is your wake-up call,‚Äù said Dr. Ngozi Ezike of the Illinois Depar‚Ä¶ https://t.co/Qd4w2KxUfw",[],2020-03-29 23:59:59,en
343,Alleyoooooops,üá∫üá∏,,0,0,993,665,149079,"I don't usually post things like this on here but,

My Mom is in the ICU with the Coronavirus and she's not doing w‚Ä¶ https://t.co/8rNFYV6aTv",[],2020-03-29 23:59:59,en
345,Phyllis80829046,"REPORT ""Capitol Attack""-Video's/Pics/Posts/Names @ http://fbi.gov/USCapitol       #Resister #AntiRacist #BLM #Truth2Power",FLORIDA,0,0,534,258,11847,"Thanks to @JDiamond1 for passing me the microphone &amp; letting me ask my second question. 

I asked: Which health pro‚Ä¶ https://t.co/tedY5wh61U",[],2020-03-29 23:59:59,en
348,wildtigger2,I am a married guy with 2 grown sons and two grandchildren I am a true follower of Jesus. #resistance I am ready to fight for justice for all. RRT,"Washington, USA",0,0,3299,2246,107194,"1. Let's talk more about the scummy @marcorubio.

Health care providers are dying from lack of personal protective‚Ä¶ https://t.co/WAhdaAhJW1",[],2020-03-29 23:59:59,en
349,suhighness,IG: suhighness,,5,1,308,804,69640,Can I talk about the coronavirus in my personal statement?,[],2020-03-29 23:59:59,en
350,Shaunta26,Spreading the word #Resist,,0,0,509,300,18034,"This what it takes to protect yourself from COVID-19 

And Doctors in America because of government negligence and‚Ä¶ https://t.co/vgF7DdT1mU",[],2020-03-29 23:59:59,en
351,MeL8tleigh,"""Although the world is full of suffering, it is also full of the overcoming of it."" #HelenKeller MAGAt hateful behavior will be reported & blocked. üö´ #BeKind","California, USA",0,0,420,318,12608,ü§¶üèª‚Äç‚ôÄÔ∏è Is there a way to revoke someone‚Äôs Twitter account? A petition? Report his account as a danger and menace to‚Ä¶ https://t.co/AOQXxV6zZK,[],2020-03-29 23:59:59,en
354,tisonbell,912 // Juco Vet // UGA 22‚Äô,,0,0,413,470,2307,Alright coronavirus. It‚Äôs personal. You took Joe Diffie from us. Time to throw hands.,[],2020-03-29 23:59:59,en
355,_nydirahhh,Malachi‚Äôs Mommy üíô. Straight outta 876 üáØüá≤,"Philadelphia, PA",0,0,825,365,26554,"I survived coronavirus. Spent nearly 2 weeks indoors + in quarantine as my body fought it off. Yesterday, I took my‚Ä¶ https://t.co/vqWXfuiwpp",[],2020-03-29 23:59:59,en
359,1pip2win,It‚Äôs getting crowded in the rabbit hole.. #VoteThemOut üçÄGo IRISH ‚òòÔ∏è #JusticeForJamal,Pennsylvania,0,0,1085,860,51806,As someone who recently spent almost a week hooked up to a ventilator (and probably wouldn't be alive today without‚Ä¶ https://t.co/FiwtAsSHDy,[],2020-03-29 23:59:59,en
360,npquarterly,"Journalism for the nonprofit sector & civil society. Reporting on #racialjustice, economic justice, leadership, management, #equity issues & much more","Boston, MA",1,2,3788,131611,108987,"Will the #coronavirus pandemic of 2020 come to be seen as a momentary interruption, or will it compel us to rethink‚Ä¶ https://t.co/t8WIGvGRMy",['coronavirus'],2020-03-29 23:59:59,en
361,Laurenm57,"Attorney. Turners Syndrome 4‚Äô5‚Äù tall. #StopHeightDiscrimination. Born in Boston. Live cruelty free for animals. Loves theatre, new playwright. No DMs or lists.","Massachusetts, USA",0,0,4083,3038,206348,Trump blamed CDC screwing up the test for the virus on Obama.  The CDC could not have developed a test during the O‚Ä¶ https://t.co/M6lHtJBfMj,[],2020-03-29 23:59:59,en
362,RT93609537,üå†Very Married ... Independent ... Honesty Required ... Seeker of Knowledge ... Retweets are NOT Endorsements ... No DMs,,0,0,1935,1310,83533,"@TrumpWarRoom @parscale did Pelosi blame anything on deBlasio
https://t.co/g75JozL55A",[],2020-03-29 23:59:59,en
367,kelleysr,"#MAGA, #Trump2020, #GOP, Patriot, ConservativeChristian, SupportsIsrael. Love/Grateful/Thankful for our Military & All Law Enforcement. NRA, Roll Tide, Troy U.",Tennessee/Alabama,0,0,2792,2023,25458,"ds PPLE R SATAN'S SLAVES b/c HEALING COVID-19 VICTIMS w/ ds simple drugs, CHLOROQUINE &amp; AZITHROMYCIN s fr JESUS CHR‚Ä¶ https://t.co/ExJUQC4xtY",[],2020-03-29 23:59:59,en
368,xXSirBurnsXx,hi there. so.... you want some Potato Salad?,"Chicago, IL",1,0,54,6,514,@PiJoyceHB @GHS @CDCgov So what? Okay let's look at death numbers. .1 for Flu. 1%+ for Corona. So best case scenari‚Ä¶ https://t.co/OQEOZJy25S,[],2020-03-29 23:59:59,en
369,PatSiegfried,"Patriot, Freedom Fighter for God, Country, and Family.",,0,0,431,446,16835,"Pelosi can't get away with rewriting history.

In January, Democrats were all-consumed with a bogus impeachment.

W‚Ä¶ https://t.co/RFXbRqIGHO",[],2020-03-29 23:59:59,en
376,KindNotWeak2021,.... PS I don‚Äôt argue with turnips,,0,0,6607,6847,57526,As someone who recently spent almost a week hooked up to a ventilator (and probably wouldn't be alive today without‚Ä¶ https://t.co/FiwtAsSHDy,[],2020-03-29 23:59:59,en
377,chesterbo,,"Ferndale, MI",0,0,618,385,13425,Hopefully with all this coronavirus downtime....the people who make madden really take time and reflect on how bad the game isüòÇ,[],2020-03-29 23:59:59,en
379,OldSaukRiver,"American imagination artists living in the PNW. Voted Bernie '16-'20. Independent Lefties. #MedicareForALL now! Let's directly abolish poverty - and war, too.",RTs are not endorsements. Views expressed are our own. They/Them. A better world is possible.,0,0,4776,4085,237136,"Coronavirus update, Europe:

- Spain: 6,875 new cases
- Italy: 5,217 new cases
- Germany: 4,647 new cases
- France:‚Ä¶ https://t.co/btOPS8zHMT",[],2020-03-29 23:59:59,en
381,Okiebear1964,"üè≥Ô∏è‚ÄçüåàJust a guy from Okla, üè≥Ô∏è‚ÄçüåàGAYüè≥Ô∏è‚Äçüåà, 56yo, single, Dad, Grampa, lovin life and livin my truth!!!üåä#RESISTüåä#BIDEN2020üåä #BLM #LOVEISLOVE #EQUALITY4ALL",Oklahoma,0,0,1897,699,4052,We are a few minutes in to Trump‚Äôs press conference and he hasn‚Äôt said one word about the thousands of Americans th‚Ä¶ https://t.co/5KBD7rzMqC,[],2020-03-29 23:59:59,en
382,spicish22,,,0,0,430,91,51695,"As the Coronavirus Hit, Jared Kushner‚Äôs Company Told Renters to Take Action to Pay ‚ÄúASAP‚Äù  https://t.co/6fuVt58FTY",[],2020-03-29 23:59:59,en
384,mgunnar45,I Block all members of the Trump Terrorist GOP Organization.,,0,0,3475,2662,63652,Cops showed up at this funeral and it wasn't to pay their respects: Officers enforcing stay-at-home order break up‚Ä¶ https://t.co/HqDToKzQ31,[],2020-03-29 23:59:59,en
386,ElementsMatter,Veritas Vos Liberabit,,0,0,85046,80465,61234,"‚ÄºÔ∏èWHOA. &gt;3.38 billion people worldwide are under #lockdown to limit the spread of #coronavirus, per @AFP.

This rep‚Ä¶ https://t.co/CziCwN0dgN","['lockdown', 'coronavirus']",2020-03-29 23:59:59,en
388,elf_sulay,"Life is Crazy, but I don't need help....maybe. …™ «´·¥ú·¥Ä·¥Ñ·¥ã “ì·¥è Ä ·¥Ä  ü…™·¥†…™…¥…¢. She/Her They/Them. Multi-shipper. Picrew pfp","Alberta, Canada",0,0,2830,317,74915,"apparently a corona virus symptom is having no taste, thoughts go out to all the kpop stans at this time üôè",[],2020-03-29 23:59:59,en
389,JoinUrsula,"Foodie, Botany Aficionado, Organic Advocate.  Trying to be a minimalist. Join me!",New York,0,0,1810,1116,5206,Use of wireless for remote learning is counterproductive for goal of keeping children safe + healthy. We encourage‚Ä¶ https://t.co/FkRb7Lmukt,[],2020-03-29 23:59:59,en
391,NoltG,,,0,0,1366,796,87623,"‚ÄúWe‚Äôre all in this together...I‚Äôve never seen anything like it ... the level of caring, the level of love ... I am‚Ä¶ https://t.co/VyMkcXyGQy",[],2020-03-29 23:59:59,en
392,stan_try,r this new offense. He‚Äôs focused. He‚Äôs having fun. I wouldn‚Äôt be surprised if he‚Äôs a dark horse for the Heisman.,"Charlotte, NC",0,0,2210,1276,33521,"Nearly a dozen Liberty University students are sick with symptoms that suggest coronavirus. 

https://t.co/Ndd9CvsAPQ",[],2020-03-29 23:59:59,en
394,AGlamourama,"shop owner, designer, landlord, writer, museum-goer, centrist Dem, patriot TX/FL/LA",dallas,0,0,1506,148,16933,"@realDonaldTrump Why would you even mention such a gossipy, petty thing?
Focus on CORONAVIRUS.
Focus on life-saving equipment.",[],2020-03-29 23:59:59,en
396,Scorpiothingzz,"she/her , Book lover üìö, Scorpio ‚ôèÔ∏è insta-tiny_stefcka snap-cutedolly1120","Brooklyn, NY",0,0,392,39,5186,A sad scene at Brooklyn Hospital #Covid_19 #coronavirus https://t.co/dRUNE61yPs,"['Covid_19', 'coronavirus']",2020-03-29 23:59:59,en
